id,age,education,marital_status,income,kidhome,teenhome,customer_join_date,recency,wine_spending,fruit_spending,meat_spending,mntfishproducts,amount_spent_sweets,amount_spent_gold,num_discount_purchases,num_online_purchases,num_catalog_purchases,num_store_purchases,num_website_visits_month,accepted_campaign_3,accepted_campaign_4,accepted_campaign_5,accepted_campaign_1,accepted_campaign_2,has_complained,campaign_response,total_spent,total_purchases,customer_days
2174,71,Graduation,Single,46344.0,1,1,2014-03-08,38,11,1,6,2,1,6,2,1,1,2,5,0,0,0,0,0,0,0,27,6,4360
6182,41,Graduation,Together,26646.0,1,0,2014-02-10,26,11,4,20,10,3,5,2,2,0,4,6,0,0,0,0,0,0,0,53,8,4386
6177,40,Phd,Married,33454.0,1,0,2013-05-08,32,76,10,56,3,1,23,2,4,0,4,8,0,0,0,0,0,0,0,169,10,4664
1994,42,Graduation,Married,51381.5,1,0,2013-11-15,11,5,5,6,0,2,1,1,1,0,2,7,0,0,0,0,0,0,0,19,4,4473
387,49,Basic,Married,7500.0,0,0,2012-11-13,59,6,16,11,11,1,16,1,2,0,3,8,0,0,0,0,0,0,0,61,6,4840
8180,73,Master,Divorced,59354.0,1,1,2013-11-15,53,233,2,53,3,5,14,3,6,1,5,6,0,0,0,0,0,0,0,310,15,4473
2569,38,Graduation,Married,17323.0,0,0,2012-10-10,38,3,14,17,6,1,5,1,1,0,3,8,0,0,0,0,0,0,0,46,5,4874
9736,45,Graduation,Married,41850.0,1,1,2012-12-24,51,53,5,19,2,13,4,3,3,0,3,8,0,0,0,0,0,0,0,96,9,4799
2278,40,2nd Cycle,Single,33812.0,1,0,2012-11-03,86,4,17,19,30,24,39,2,2,1,3,6,0,0,0,0,0,0,0,133,8,4850
7892,56,Graduation,Single,18589.0,0,0,2013-01-02,89,6,4,25,15,12,13,2,2,1,3,7,0,0,0,0,0,0,0,75,8,4790
2404,49,Graduation,Married,53359.0,1,1,2013-05-27,4,173,4,30,3,6,41,4,5,1,4,7,0,0,0,0,0,0,0,257,14,4645
9422,36,Graduation,Married,38360.0,1,0,2013-05-31,26,36,2,42,20,21,10,2,2,1,4,3,0,0,0,0,0,0,0,131,9,4641
6864,36,Master,Divorced,10979.0,0,0,2014-05-22,34,8,4,10,2,2,4,2,3,0,3,5,0,0,0,0,0,0,0,30,8,4285
10738,74,Master,Single,49389.0,1,1,2013-08-29,55,40,0,19,2,1,3,1,2,0,3,7,0,0,0,0,0,0,0,65,6,4551
10755,49,2nd Cycle,Married,23718.0,1,0,2013-09-02,76,6,3,14,15,7,36,3,3,1,2,7,0,0,0,0,0,0,0,81,9,4547
8595,52,Graduation,Widow,42429.0,0,1,2014-02-11,99,55,0,6,2,0,4,2,1,1,3,5,0,0,0,0,0,0,0,67,7,4385
503,40,Master,Married,20559.0,1,0,2013-03-12,88,13,1,29,3,0,7,2,2,0,3,8,0,0,0,0,0,0,0,53,7,4721
8430,68,Graduation,Together,21994.0,0,1,2012-12-24,4,9,0,6,3,1,3,1,0,0,3,5,0,0,0,0,0,0,0,22,4,4799
2139,50,Master,Married,7500.0,1,0,2013-10-02,19,3,1,10,3,2,12,3,2,0,3,5,0,0,0,0,0,0,0,31,8,4517
7286,57,Graduation,Together,41728.0,1,0,2013-05-24,92,13,6,15,3,5,13,1,2,0,2,10,0,0,0,0,0,0,0,55,5,4648
7244,74,Graduation,Single,51381.5,2,1,2014-01-01,96,48,5,48,6,10,7,3,2,1,4,6,0,0,0,0,0,0,0,124,10,4426
1331,48,Graduation,Single,35790.0,1,0,2013-01-02,54,12,6,20,30,1,3,2,2,0,3,7,0,0,0,0,0,0,0,72,7,4790
7437,37,Graduation,Single,27938.0,1,0,2014-04-28,31,13,0,8,2,1,5,1,1,0,4,3,0,0,0,0,0,0,0,29,6,4309
8557,43,Graduation,Single,51381.5,1,0,2013-06-17,57,11,3,22,2,2,6,2,2,0,3,6,0,0,0,0,0,0,0,46,7,4624
1386,58,Graduation,Together,32474.0,1,1,2014-05-11,0,10,0,1,0,0,0,1,1,0,2,7,0,0,0,0,0,0,0,11,4,4296
10629,52,2nd Cycle,Married,51381.5,1,0,2012-09-14,25,25,3,43,17,4,17,3,3,0,3,8,0,0,0,0,0,0,0,109,9,4900
1050,73,Graduation,Married,28332.0,0,0,2014-04-30,58,14,10,13,4,15,9,1,2,1,4,2,0,0,0,0,0,0,0,65,8,4307
5846,48,Graduation,Divorced,40246.0,1,0,2012-12-19,68,2,1,6,2,1,1,1,1,0,2,6,0,0,0,0,0,0,0,13,4,4804
3332,40,Graduation,Single,29760.0,1,0,2012-08-29,87,64,4,68,7,5,17,4,3,1,4,8,0,0,0,0,0,0,0,165,12,4916
2261,56,Graduation,Married,26304.0,1,0,2013-06-23,5,4,1,5,2,0,4,1,1,0,2,7,0,0,0,0,0,0,0,16,4,4618
5346,52,2nd Cycle,Married,23559.0,1,0,2013-07-03,87,25,5,19,7,0,23,3,3,0,3,7,0,0,0,0,0,0,0,79,9,4608
5268,65,Graduation,Married,29440.0,1,1,2013-08-11,95,17,8,14,10,4,3,2,1,0,4,7,0,0,0,0,0,0,0,56,7,4569
771,58,Graduation,Together,54178.0,0,1,2014-01-21,79,135,9,39,4,0,7,1,2,2,5,2,0,0,0,0,0,0,0,194,10,4406
9235,68,Graduation,Single,51381.5,1,1,2014-05-27,45,7,0,8,2,0,1,1,1,0,2,7,0,0,0,0,0,0,0,18,4,4280
11178,53,Master,Single,42394.0,1,0,2014-03-23,69,15,2,10,0,1,4,1,1,0,3,7,0,0,0,0,0,0,0,32,5,4345
2230,55,Phd,Married,23626.0,1,0,2014-05-24,84,27,2,14,0,0,0,3,3,1,3,5,0,0,0,0,0,0,0,43,10,4283
7516,42,Graduation,Married,30096.0,1,0,2014-05-22,30,5,3,11,12,5,9,1,2,0,3,6,0,0,0,0,0,0,0,45,6,4285
11100,53,Graduation,Divorced,51813.0,1,1,2013-04-11,37,51,2,7,0,1,2,2,2,0,3,7,0,0,0,0,0,0,0,63,7,4691
1473,65,2nd Cycle,Single,47823.0,0,1,2013-07-23,0,53,1,5,2,1,10,2,2,0,3,8,0,0,0,0,0,0,0,72,7,4588
1016,66,Phd,Single,34554.0,0,1,2014-03-30,43,41,1,6,2,0,5,2,2,0,3,6,0,0,0,0,0,0,0,55,7,4338
8373,46,Basic,Together,24594.0,1,0,2013-12-10,94,1,3,6,10,0,9,1,1,0,3,5,0,0,0,0,0,0,0,29,5,4448
7533,61,Graduation,Married,49096.0,1,1,2013-09-24,15,144,1,32,2,1,7,4,4,1,4,7,0,0,0,0,0,0,0,187,13,4525
3629,47,Graduation,Single,38557.0,1,0,2012-12-19,17,76,3,31,4,4,27,2,3,1,3,7,0,0,0,0,0,0,0,145,9,4804
2286,63,Graduation,Single,50785.0,1,1,2013-09-10,27,64,1,21,0,1,27,2,2,1,3,6,0,0,0,0,0,0,0,114,8,4539
5234,58,2nd Cycle,Together,30753.0,1,1,2013-07-11,85,12,5,25,0,9,30,2,1,1,3,5,0,0,0,0,0,0,0,81,7,4600
9862,56,Graduation,Together,21918.0,1,0,2013-11-14,37,1,6,7,11,5,3,2,2,0,3,6,0,0,0,0,0,0,0,33,7,4474
8442,40,Master,Married,19510.0,2,0,2013-09-04,63,9,0,7,3,4,7,2,1,0,3,7,0,0,0,0,0,0,0,30,6,4545
7386,49,Graduation,Divorced,30992.0,1,0,2013-04-22,83,17,0,14,7,3,2,1,1,0,3,7,0,0,0,0,0,0,0,43,5,4680
3381,72,Master,Married,54348.0,1,1,2014-06-08,51,70,0,16,0,0,4,2,2,0,4,6,0,0,0,0,0,0,0,90,8,4268
5290,61,Phd,Married,41551.0,1,1,2013-08-14,51,220,0,33,3,0,23,5,5,1,5,8,0,0,0,0,0,0,0,279,16,4566
5342,49,Basic,Divorced,9548.0,1,0,2012-08-08,31,0,1,3,10,6,9,2,1,0,3,8,0,0,0,0,0,0,0,29,6,4937
9579,66,Phd,Married,33762.0,2,1,2013-07-07,61,53,1,34,2,0,16,3,2,2,2,8,0,0,0,0,0,0,0,106,9,4604
1461,60,Phd,Divorced,36921.0,1,1,2013-07-28,74,17,1,12,3,1,4,2,2,0,3,7,0,0,0,0,0,0,0,38,7,4583
4050,59,Master,Married,49605.0,0,0,2014-06-21,65,42,16,29,12,20,8,1,2,1,4,3,0,0,0,0,0,0,0,127,8,4255
92,37,Graduation,Single,34176.0,1,0,2014-05-12,12,5,7,24,19,14,20,4,3,0,4,6,0,0,0,0,0,0,0,89,11,4295
3025,67,Graduation,Single,49967.0,0,1,2013-07-08,4,212,6,69,4,12,3,3,6,1,5,7,0,0,0,0,0,0,0,306,15,4603
9283,47,Graduation,Single,60199.0,1,2,2013-09-12,49,8,1,7,2,0,0,1,0,0,3,4,0,0,0,0,0,0,0,18,4,4537
2795,67,Master,Single,30523.0,2,1,2013-07-01,0,5,0,3,0,0,5,1,1,0,2,7,0,0,0,0,0,0,0,13,4,4610
8182,41,Graduation,Married,23228.0,1,0,2014-01-05,91,53,3,49,7,4,5,4,3,0,4,8,0,0,0,0,0,0,0,121,11,4422
4370,59,Graduation,Together,43482.0,2,1,2013-11-13,83,18,1,32,6,3,28,3,2,0,4,6,0,0,0,0,0,0,0,88,9,4475
3152,68,Graduation,Together,26091.0,1,1,2014-02-25,84,15,10,19,8,17,20,3,2,1,3,5,0,0,0,0,0,0,0,89,9,4371
5610,60,Graduation,Together,33456.0,1,1,2014-04-21,58,7,3,10,8,1,7,2,1,0,3,7,0,0,0,0,0,0,0,36,6,4316
6460,43,Graduation,Married,28718.0,1,0,2013-07-13,78,12,4,6,11,8,16,2,2,0,3,8,0,0,0,0,0,0,0,57,7,4598
1349,55,Graduation,Married,50447.0,2,0,2014-04-21,4,85,7,24,2,3,27,1,3,1,3,6,0,0,0,0,0,0,0,148,8,4316
1880,66,Phd,Together,53537.0,1,1,2014-01-30,17,81,0,6,0,0,6,2,2,1,3,5,0,0,0,0,0,0,0,93,8,4397
10854,55,Phd,Married,38853.0,1,1,2014-05-23,90,29,0,14,0,0,2,2,2,0,3,7,0,0,0,0,0,0,0,45,7,4284
10492,66,Graduation,Together,38285.0,2,1,2014-06-24,96,2,0,5,2,0,1,1,0,0,3,2,0,0,0,0,0,0,0,10,4,4252
7698,49,Phd,Married,51650.0,0,1,2014-05-11,81,152,3,22,2,5,7,1,4,1,4,5,0,0,0,0,0,0,0,191,10,4296
3559,37,2nd Cycle,Married,16248.0,1,0,2014-05-10,77,12,11,10,3,12,9,3,2,1,3,6,0,0,0,0,0,0,0,57,9,4297
10796,41,Master,Married,30477.0,1,0,2014-01-22,16,47,1,6,0,0,12,1,1,1,3,6,0,0,0,0,0,0,0,66,6,4405
2563,64,Basic,Married,28249.0,0,0,2014-06-15,80,1,9,7,2,14,10,1,2,0,3,6,0,0,0,0,0,0,0,43,6,4261
3518,42,Graduation,Married,25271.0,1,0,2012-12-05,45,10,1,18,10,4,7,1,1,1,2,9,0,0,0,0,0,0,0,50,5,4818
5823,55,Phd,Single,32303.0,0,1,2014-03-08,63,35,0,2,0,0,2,2,1,0,4,5,0,0,0,0,0,0,0,39,7,4360
6431,61,Phd,Married,45759.0,1,1,2013-02-23,13,42,1,18,3,0,4,2,2,0,3,7,0,0,0,0,0,0,0,68,7,4738
1324,37,Graduation,Married,38872.0,1,0,2013-05-30,93,23,3,21,3,19,22,2,3,0,3,8,0,0,0,0,0,0,0,91,8,4642
7224,48,Graduation,Married,31353.0,1,1,2013-12-29,24,10,0,10,3,1,7,2,1,1,2,8,0,0,0,0,0,0,0,31,6,4429
1030,60,Phd,Single,40637.0,1,1,2013-07-17,72,22,0,13,0,0,3,2,1,0,3,7,0,0,0,0,0,0,0,38,6,4594
5552,62,Master,Divorced,48721.0,1,1,2013-05-13,50,81,18,113,47,13,21,6,4,2,5,6,0,0,0,0,0,0,0,293,17,4659
868,59,Graduation,Married,44794.0,0,1,2014-06-08,99,54,0,7,0,0,4,1,2,0,3,6,0,0,0,0,0,0,0,65,6,4268
7264,47,2nd Cycle,Single,52195.0,2,1,2014-05-12,2,12,0,4,0,0,1,1,1,0,2,8,0,0,0,0,0,0,0,17,4,4295
1377,71,Master,Widow,44551.0,0,1,2013-08-31,24,182,4,33,0,0,66,2,4,1,5,7,0,0,0,0,0,0,0,285,12,4549
1755,37,2nd Cycle,Together,45204.0,1,0,2014-04-11,93,30,11,25,29,1,18,1,1,1,4,3,0,0,0,0,0,0,0,114,7,4326
9076,45,Phd,Married,30732.0,1,0,2013-01-05,44,155,1,25,0,1,3,4,4,1,4,8,0,0,0,0,0,0,0,185,13,4787
4653,47,Graduation,Together,42011.0,1,0,2013-03-26,46,131,0,16,2,1,39,4,3,1,4,8,0,0,0,0,0,0,0,189,12,4707
3726,39,Phd,Together,34320.0,1,0,2014-02-16,66,4,1,9,3,0,0,1,1,0,2,8,0,0,0,0,0,0,0,17,4,4380
1606,54,Graduation,Together,38590.0,1,0,2013-05-15,65,3,1,8,4,3,3,1,1,0,2,8,0,0,0,0,0,0,0,22,4,4657
9617,74,Graduation,Single,15033.0,0,0,2014-04-16,37,0,4,5,6,0,4,1,1,0,3,3,0,0,0,0,0,0,0,19,5,4321
89,50,2nd Cycle,Married,22212.0,1,0,2013-12-09,49,5,9,20,6,8,21,2,2,0,4,6,0,0,0,0,0,0,0,69,8,4449
2936,43,Master,Together,23661.0,1,0,2013-12-04,46,18,0,4,0,0,1,1,1,0,3,7,0,0,0,0,0,0,0,23,5,4454
7297,52,Graduation,Single,7500.0,1,0,2013-12-26,54,5,3,10,12,7,20,4,3,1,3,7,0,0,0,0,0,0,0,57,11,4432
10735,54,Graduation,Single,22804.0,1,0,2013-07-31,75,14,1,7,2,1,1,1,2,0,2,9,0,0,0,0,0,0,0,26,5,4580
7411,61,Phd,Married,31686.0,1,1,2014-06-05,31,11,0,5,0,0,1,2,1,0,3,6,0,0,0,0,0,0,0,17,6,4271
10236,50,Master,Single,31160.0,1,0,2013-09-16,59,16,3,25,6,1,13,2,2,0,3,8,0,0,0,0,0,0,0,64,7,4533
6340,40,Graduation,Single,29938.0,1,0,2013-10-27,52,3,3,7,0,2,11,2,1,0,3,6,0,0,0,0,0,0,0,26,6,4492
2227,67,2nd Cycle,Together,26490.0,0,0,2012-09-22,92,45,47,52,21,20,25,2,3,1,5,6,0,0,0,0,0,0,0,210,11,4892
5304,51,Phd,Single,30899.0,1,0,2012-10-13,35,24,0,8,0,0,1,2,1,0,3,6,0,0,0,0,0,0,0,33,6,4871
2661,61,Graduation,Single,18701.0,1,1,2013-06-04,95,12,4,2,10,6,10,4,2,0,4,5,0,0,0,0,0,0,0,44,10,4637
3153,68,Phd,Single,40737.0,2,1,2013-12-08,24,11,0,4,0,0,2,1,1,0,2,8,0,0,0,0,0,0,0,17,4,4450
9396,47,Phd,Married,37717.0,1,0,2012-11-23,31,9,0,6,4,1,5,1,1,0,2,9,0,0,0,0,0,0,0,25,4,4830
6690,59,Master,Married,38179.0,1,1,2013-03-14,30,38,4,22,4,2,20,4,3,1,3,7,0,0,0,0,0,0,0,90,11,4719
4557,55,Graduation,Together,22070.0,1,0,2013-10-04,11,10,7,19,8,2,21,2,2,2,2,6,0,0,0,0,0,0,0,67,8,4515
3066,50,Phd,Together,61905.0,0,1,2014-02-04,2,167,0,43,6,2,13,2,4,2,4,5,0,0,0,0,0,0,0,231,12,4392
6336,65,Graduation,Married,29315.0,1,1,2014-04-06,55,13,2,14,8,7,4,4,2,0,4,6,0,0,0,0,0,0,0,48,10,4331
10967,62,Graduation,Divorced,33378.0,1,1,2013-02-06,38,33,6,40,3,7,10,3,2,0,4,7,0,0,0,0,0,0,0,99,9,4755
4669,44,Basic,Married,24480.0,1,0,2013-02-11,46,4,19,9,28,25,17,3,3,0,4,7,0,0,0,0,0,0,0,102,10,4750
8962,50,Master,Married,44319.0,1,1,2014-04-17,18,26,0,8,0,0,3,2,2,0,3,5,0,0,0,0,0,0,0,37,7,4320
9974,51,Graduation,Married,30631.0,1,0,2013-07-12,75,15,6,20,4,5,20,1,3,1,2,7,0,0,0,0,0,0,0,70,7,4599
4697,76,Master,Divorced,35416.0,0,0,2013-06-13,62,248,3,81,4,3,51,3,7,1,5,8,0,0,0,0,0,0,0,390,16,4628
7254,56,Graduation,Together,38361.0,1,0,2013-12-27,74,39,0,56,20,8,14,3,3,1,3,7,0,0,0,0,0,0,0,137,10,4431
4927,54,Graduation,Together,16626.0,2,0,2014-01-15,76,8,3,22,21,1,13,3,3,0,3,9,0,0,0,0,0,0,0,68,9,4412
10451,60,Graduation,Together,29672.0,1,1,2013-03-12,6,9,1,3,0,4,8,1,0,0,3,6,0,0,0,0,0,0,0,25,4,4721
2874,37,2nd Cycle,Divorced,35388.0,1,0,2013-03-07,20,6,4,7,4,3,8,1,1,0,3,7,0,0,0,0,0,0,0,32,5,4726
9738,39,Master,Together,42386.0,1,0,2013-01-13,43,65,4,16,0,4,11,1,3,0,3,8,0,0,0,0,0,0,0,100,7,4779
5827,67,Graduation,Divorced,35246.0,1,1,2014-04-16,53,36,0,12,2,2,10,4,3,1,3,5,0,0,0,0,0,0,0,62,11,4321
10812,47,Phd,Married,46377.0,1,0,2014-03-01,89,37,0,46,4,3,0,1,2,1,3,4,0,0,0,0,0,0,0,90,7,4367
1717,37,Graduation,Single,39747.0,1,0,2014-04-13,43,80,15,93,20,13,52,3,5,1,4,8,0,0,0,0,0,0,0,273,13,4324
9491,41,Graduation,Together,23976.0,1,0,2013-12-27,68,14,1,21,2,3,25,3,3,1,3,7,0,0,0,0,0,0,0,66,10,4431
1379,33,Master,Together,42670.0,0,0,2013-04-27,12,154,2,46,20,4,15,1,4,2,4,4,0,0,0,0,0,0,0,241,11,4675
10032,49,Graduation,Divorced,12571.0,1,0,2014-01-18,86,3,5,14,2,12,17,4,3,1,3,6,0,0,0,0,0,0,0,53,11,4409
2826,58,Graduation,Married,22574.0,2,1,2013-10-28,28,25,0,8,2,0,2,2,2,0,3,7,0,0,0,0,0,0,0,37,7,4491
231,69,Master,Together,28839.0,1,1,2014-03-11,86,24,0,7,0,0,1,2,2,0,3,5,0,0,0,0,0,0,0,32,7,4357
2392,53,Graduation,Married,40321.0,1,1,2013-07-29,59,44,4,21,6,0,27,2,3,0,3,7,0,0,0,0,0,0,0,102,8,4582
113,74,Graduation,Married,30833.0,1,1,2013-07-16,33,11,0,7,3,1,6,2,1,0,3,5,0,0,0,0,0,0,0,28,6,4595
520,51,Graduation,Married,34421.0,1,0,2013-07-01,81,3,3,7,6,2,9,1,1,0,2,7,0,0,0,0,0,0,0,30,4,4610
8275,60,Phd,Divorced,47025.0,1,1,2014-02-09,6,16,0,3,0,0,1,1,1,0,2,7,0,0,0,0,0,0,0,20,4,4387
5835,49,Phd,Divorced,14849.0,1,0,2013-07-02,39,21,2,28,3,2,9,3,2,0,4,8,0,0,0,0,0,0,0,65,9,4609
3896,41,Graduation,Married,27255.0,1,0,2013-11-07,3,22,1,11,0,1,2,1,1,0,3,7,0,0,0,0,0,0,0,37,5,4481
10350,75,Phd,Married,54432.0,2,1,2013-05-09,37,33,0,5,0,0,0,1,1,0,3,4,0,0,0,0,0,0,0,38,5,4663
7786,39,Phd,Single,29999.0,1,0,2013-02-13,22,68,7,59,10,5,11,4,3,1,4,8,0,0,0,0,0,0,0,160,12,4748
2861,42,Graduation,Single,24072.0,1,0,2013-04-16,79,9,1,6,3,0,4,1,1,0,2,8,0,0,0,0,0,0,0,23,4,4686
663,36,Phd,Single,33996.0,0,0,2013-09-11,46,40,2,15,8,0,6,1,1,1,3,4,0,0,0,0,0,0,0,71,6,4538
9592,42,Graduation,Together,22010.0,1,0,2013-06-30,51,11,2,9,3,0,8,2,2,0,3,8,0,0,0,0,0,0,0,33,7,4611
4099,53,Graduation,Married,30675.0,1,0,2012-11-12,14,10,2,16,11,2,21,1,1,0,3,8,0,0,0,0,0,0,0,62,5,4841
11191,39,Graduation,Divorced,41411.0,0,0,2013-12-07,11,37,32,38,11,3,18,1,2,1,4,6,0,0,0,0,0,0,0,139,8,4451
8553,60,Graduation,Married,44300.0,1,1,2013-06-23,65,30,0,9,0,0,3,2,1,0,3,6,0,0,0,0,0,0,0,42,6,4618
8842,54,Graduation,Widow,30372.0,1,1,2012-12-25,33,15,0,12,7,3,7,3,2,0,3,7,0,0,0,0,0,0,0,44,8,4798
2958,47,Graduation,Married,28442.0,2,0,2014-02-24,53,19,3,10,11,8,6,3,2,1,4,4,0,0,0,0,0,0,0,57,10,4372
933,47,Phd,Married,37717.0,1,0,2012-11-23,31,9,0,6,4,1,5,1,1,0,2,9,0,0,0,0,0,0,0,25,4,4830
4432,49,Graduation,Divorced,31615.0,1,0,2013-03-16,82,2,3,20,6,11,9,2,2,0,3,7,0,0,0,0,0,0,0,51,7,4717
5680,41,2nd Cycle,Married,35684.0,1,0,2014-04-22,66,10,4,7,0,6,3,1,1,0,3,6,0,0,0,0,0,0,0,30,5,4315
10313,50,Graduation,Married,48178.0,1,1,2012-10-28,69,159,4,45,6,2,38,6,5,1,4,8,0,0,0,0,0,0,0,254,16,4856
10703,50,Master,Single,46098.0,1,1,2012-08-18,86,57,0,27,0,0,36,4,3,2,2,8,0,0,0,0,0,0,0,120,11,4927
4459,36,Graduation,Single,30279.0,1,0,2012-12-30,13,10,4,14,4,4,1,1,1,0,3,8,0,0,0,0,0,0,0,37,5,4793
1517,56,Graduation,Single,30822.0,1,0,2013-06-14,92,3,9,13,2,12,12,1,1,0,3,7,0,0,0,0,0,0,0,51,5,4627
2098,56,Phd,Married,33581.0,2,0,2013-01-08,38,11,0,5,0,0,1,1,1,0,2,8,0,0,0,0,0,0,0,17,4,4784
9543,40,Graduation,Married,19986.0,1,0,2013-11-14,74,3,6,5,0,2,6,1,0,0,3,7,0,0,0,0,0,0,0,22,4,4474
2724,44,Master,Single,36143.0,1,0,2014-03-30,33,12,0,1,0,0,6,1,0,1,2,3,0,0,0,0,0,0,0,19,4,4338
948,54,Graduation,Single,10245.0,1,0,2013-05-15,32,4,7,7,6,4,13,3,1,2,2,5,0,0,0,0,0,0,0,41,8,4657
2066,76,Graduation,Together,38823.0,0,1,2012-08-30,56,70,0,11,2,8,23,1,2,1,3,6,0,0,0,0,0,0,0,114,7,4915
455,79,Phd,Married,51012.0,0,0,2013-04-18,86,102,9,63,2,9,24,1,4,1,4,6,0,0,0,0,0,0,0,209,10,4684
7414,54,Graduation,Married,43824.0,1,1,2012-09-15,18,96,1,42,12,3,32,4,3,1,4,8,0,0,0,0,0,0,0,186,12,4899
798,38,Graduation,Single,23442.0,1,0,2012-12-24,71,2,0,6,8,6,5,1,1,0,3,7,0,0,0,0,0,0,0,27,5,4799
2488,69,2nd Cycle,Divorced,31395.0,1,1,2013-03-23,80,23,1,25,0,8,7,4,2,1,3,6,0,0,0,0,0,0,0,64,10,4710
7617,51,Graduation,Single,42373.0,1,1,2013-08-15,83,67,5,61,3,8,19,5,2,1,5,5,0,0,0,0,0,0,0,163,13,4565
194,60,Graduation,Married,48006.0,1,1,2014-06-09,55,23,0,11,3,2,2,1,1,0,3,6,0,0,0,0,0,0,0,41,5,4267
8890,54,Phd,Divorced,65808.0,1,1,2014-05-30,1,155,7,80,13,7,10,3,5,1,5,6,0,0,0,0,0,0,0,272,14,4277
5049,51,Phd,Together,30351.0,1,0,2013-06-06,19,14,0,24,3,3,2,1,3,0,2,9,0,0,0,0,0,0,0,46,6,4635
5929,52,Phd,Married,37401.0,1,0,2014-05-06,14,19,3,19,3,1,3,2,2,0,3,7,0,0,0,0,0,0,0,48,7,4301
3129,42,Graduation,Married,30096.0,1,0,2014-05-22,30,5,3,11,12,5,9,1,2,0,3,6,0,0,0,0,0,0,0,45,6,4285
6528,43,Master,Together,18492.0,1,0,2014-06-05,75,2,2,2,2,1,1,1,1,0,2,8,0,0,0,0,0,0,0,10,4,4271
7284,72,Graduation,Married,48686.0,1,2,2013-12-04,8,10,0,7,2,0,1,1,1,0,2,8,0,0,0,0,0,0,0,20,4,4454
5987,36,2nd Cycle,Together,10404.0,1,0,2014-05-04,52,2,2,11,10,6,12,2,1,0,4,5,0,0,0,0,0,0,0,43,7,4303
498,55,Graduation,Single,30015.0,1,0,2014-02-02,28,25,0,22,2,3,5,2,1,0,4,5,0,0,0,0,0,0,0,57,7,4394
9347,69,Master,Together,50943.0,0,1,2013-06-21,49,31,0,7,2,0,6,1,1,0,3,5,0,0,0,0,0,0,0,46,5,4620
5455,54,Phd,Married,32011.0,1,0,2013-08-22,89,99,0,15,2,1,5,3,2,1,4,7,0,0,0,0,0,0,0,122,10,4558
456,39,2nd Cycle,Married,7500.0,1,0,2013-02-07,96,1,11,5,4,6,9,2,2,0,3,8,0,0,0,0,0,0,0,36,7,4754
5012,36,Graduation,Married,28691.0,1,0,2013-07-04,56,5,4,13,8,0,4,1,1,0,3,8,0,0,0,0,0,0,0,34,5,4607
7495,77,Phd,Married,56223.0,0,1,2013-12-20,72,77,28,31,16,0,4,2,2,1,5,4,0,0,0,0,0,0,0,156,10,4438
5029,79,Graduation,Married,18100.0,0,0,2013-08-06,14,3,1,2,4,3,1,1,0,0,3,5,0,0,0,0,0,0,0,14,4,4574
10642,36,Graduation,Single,30279.0,1,0,2012-12-30,13,10,4,14,4,4,1,1,1,0,3,8,0,0,0,0,0,0,0,37,5,4793
2106,51,2nd Cycle,Married,20130.0,0,0,2014-03-17,99,0,6,3,7,6,12,1,1,0,3,8,0,0,0,0,0,0,0,34,5,4351
10364,66,Graduation,Divorced,23295.0,0,0,2013-07-13,72,0,0,1,2,12,5,1,1,0,2,8,0,0,0,0,0,0,0,20,4,4598
5954,53,Master,Divorced,42618.0,1,0,2013-10-09,92,76,14,74,13,5,10,2,5,0,4,8,0,0,0,0,0,0,0,192,11,4510
2541,49,Graduation,Married,24027.0,1,0,2013-06-09,7,14,7,11,11,0,5,2,2,0,3,8,0,0,0,0,0,0,0,48,7,4632
6471,54,Master,Single,36230.0,1,0,2013-10-17,17,14,2,30,8,2,3,1,2,0,4,5,0,0,0,0,0,0,0,59,7,4502
8594,67,Phd,Widow,50520.0,0,1,2014-01-28,25,112,0,6,2,1,14,2,3,1,3,6,0,0,0,0,0,0,0,135,9,4399
2815,50,Graduation,Married,33183.0,1,0,2014-02-24,46,7,5,39,17,15,37,2,4,0,3,7,0,0,0,0,0,0,0,120,9,4372
9213,55,Graduation,Widow,31880.0,1,0,2012-10-31,13,4,1,5,2,0,3,1,1,0,2,8,0,0,0,0,0,0,0,15,4,4853
6619,47,Graduation,Married,38415.0,1,1,2013-01-02,91,22,1,13,4,0,4,2,1,0,3,7,0,0,0,0,0,0,0,44,6,4790
9081,37,Graduation,Single,20518.0,1,0,2014-05-18,58,4,1,6,4,1,9,1,1,1,2,5,0,0,0,0,0,0,0,25,5,4289
916,53,Phd,Single,41644.0,1,1,2014-05-09,67,20,3,4,2,0,2,2,1,0,3,3,0,0,0,0,0,0,0,31,6,4298
5300,52,Master,Married,38961.0,1,0,2013-12-30,60,19,7,19,0,1,24,1,2,1,2,7,0,0,0,0,0,0,0,70,6,4428
5154,53,Master,Divorced,37760.0,1,0,2013-08-11,54,26,3,13,2,10,0,1,2,0,3,6,0,0,0,0,0,0,0,54,6,4569
1676,50,Graduation,Married,43057.0,0,1,2013-10-30,30,213,2,44,0,2,5,4,4,2,5,5,0,0,0,0,0,0,0,266,15,4489
3436,56,Graduation,Married,14045.0,1,0,2014-01-26,24,11,0,5,2,1,1,1,1,0,3,7,0,0,0,0,0,0,0,20,5,4401
22,49,Graduation,Divorced,46310.0,1,0,2012-12-03,99,185,2,88,15,5,14,2,6,1,5,8,0,0,0,0,0,0,0,309,14,4820
8737,47,Graduation,Divorced,55563.0,0,1,2014-04-05,22,29,1,9,2,0,2,1,2,0,3,3,0,0,0,0,0,0,0,43,6,4332
9135,75,Graduation,Together,27203.0,1,1,2012-08-06,92,13,2,21,4,0,24,2,1,1,2,8,0,0,0,0,0,0,0,64,6,4939
10623,64,Master,Together,48330.0,0,1,2013-11-15,2,28,0,4,0,0,0,1,1,0,3,5,0,0,0,0,0,0,0,32,5,4473
10160,69,Master,Together,50943.0,0,1,2013-06-21,49,31,0,7,2,0,6,1,1,0,3,5,0,0,0,0,0,0,0,46,5,4620
3386,33,Graduation,Married,34935.0,0,0,2013-06-21,71,34,4,66,3,10,20,1,2,1,4,7,0,0,0,0,0,0,0,137,8,4620
182,79,Phd,Together,44124.0,0,1,2013-05-11,62,284,0,55,0,6,52,4,6,2,5,8,0,0,0,0,0,0,0,397,17,4661
11025,64,Graduation,Married,36443.0,1,1,2013-02-03,9,65,0,46,4,3,20,4,3,1,3,8,0,0,0,0,0,0,0,138,11,4758
10203,35,Graduation,Single,26095.0,1,0,2013-06-30,77,11,7,9,3,1,11,1,1,0,3,7,0,0,0,0,0,0,0,42,5,4611
3696,60,Graduation,Divorced,30630.0,1,1,2014-01-27,67,27,1,12,2,0,10,2,2,0,3,7,0,0,0,0,0,0,0,52,7,4400
2258,39,Graduation,Married,32880.0,1,0,2012-12-04,76,8,4,15,7,6,2,1,1,0,3,8,0,0,0,0,0,0,0,42,5,4819
4437,63,Graduation,Married,65316.0,1,1,2013-04-24,65,112,6,92,3,9,38,2,3,2,5,4,0,0,0,0,0,0,0,260,12,4678
8724,43,Graduation,Single,28567.0,1,0,2013-06-17,57,11,3,22,2,2,6,2,2,0,3,6,0,0,0,0,0,0,0,46,7,4624
10741,74,Master,Together,47352.0,0,1,2013-04-11,70,172,12,112,8,0,15,4,6,1,5,7,0,0,0,0,0,0,0,319,16,4691
1991,58,Graduation,Together,44931.0,0,1,2014-01-18,0,78,0,11,0,0,7,1,2,1,3,5,0,0,0,0,0,0,0,96,7,4409
304,44,Master,Single,22944.0,1,0,2013-12-23,67,19,3,19,4,5,26,3,3,0,3,7,0,0,0,0,0,0,0,76,9,4435
3665,48,2nd Cycle,Together,25315.0,1,0,2013-11-07,46,1,9,8,11,3,22,3,3,0,3,8,0,0,0,0,0,0,0,54,9,4481
10591,56,Graduation,Widow,43638.0,0,1,2012-08-06,37,63,10,83,7,19,19,2,4,1,4,7,0,0,0,0,0,0,0,201,11,4939
8541,35,2nd Cycle,Married,24683.0,1,0,2014-03-08,98,8,4,10,6,7,6,2,2,0,4,5,0,0,0,0,0,0,0,41,8,4360
4368,45,Graduation,Married,47850.0,1,0,2013-12-03,72,42,7,43,20,12,10,1,3,0,4,6,0,0,0,0,0,0,0,134,8,4455
2256,52,Master,Married,27159.0,1,1,2014-03-29,33,17,0,3,0,0,1,2,1,0,3,6,0,0,0,0,0,0,0,21,6,4339
4279,62,2nd Cycle,Single,39548.0,1,1,2014-03-31,87,15,4,10,3,4,18,2,1,1,3,3,0,0,0,0,0,0,0,54,7,4337
9460,62,Graduation,Married,22419.0,0,0,2013-04-18,74,30,3,47,19,21,42,1,3,2,2,8,0,0,0,0,0,0,0,162,8,4684
8692,73,Graduation,Together,43462.0,1,1,2012-09-12,50,90,17,97,15,6,15,6,4,1,5,8,0,0,0,0,0,0,0,240,16,4902
8420,55,2nd Cycle,Married,15315.0,0,0,2013-08-03,27,7,4,13,15,8,17,2,2,0,4,5,0,0,0,0,0,0,0,64,8,4577
7685,47,Graduation,Married,33039.0,1,0,2013-09-09,4,30,8,12,8,8,12,1,2,0,4,5,0,0,0,0,0,0,0,78,7,4540
4184,75,Phd,Together,52157.0,0,1,2014-06-07,48,189,2,29,3,2,40,2,3,2,5,4,0,0,0,0,0,0,0,265,12,4269
891,74,Master,Together,29298.0,1,1,2013-09-07,60,6,0,2,2,0,1,1,1,0,2,5,0,0,0,0,0,0,0,11,4,4542
10381,46,Graduation,Single,47691.0,0,1,2013-07-05,43,14,0,3,0,0,4,1,1,0,2,6,0,0,0,0,0,0,0,21,4,4606
3525,55,Graduation,Together,38200.0,1,1,2012-12-07,19,12,0,4,0,0,1,1,1,0,2,7,0,0,0,0,0,0,0,17,4,4816
3526,57,Phd,Married,38443.0,1,1,2014-01-27,58,32,0,5,0,0,1,2,1,0,3,7,0,0,0,0,0,0,0,38,6,4400
8181,47,2nd Cycle,Single,38593.0,1,0,2013-09-13,42,51,12,49,17,24,24,3,4,1,3,8,0,0,0,0,0,0,0,177,11,4536
1029,55,Phd,Together,64413.0,0,1,2013-08-01,27,200,5,44,0,10,20,1,5,1,5,5,0,0,0,0,0,0,0,279,12,4579
7369,44,Master,Married,36959.0,1,0,2013-10-02,56,25,6,25,6,0,0,2,2,0,3,8,0,0,0,0,0,0,0,62,7,4517
8159,57,Graduation,Married,51287.0,1,1,2014-04-01,10,117,0,22,13,0,30,3,4,1,3,7,0,0,0,0,0,0,0,182,11,4336
1160,55,Graduation,Married,13260.0,1,1,2013-08-23,48,9,4,17,10,2,7,4,3,0,3,8,0,0,0,0,0,0,0,49,10,4557
10242,59,Phd,Together,47472.0,1,1,2013-09-16,39,56,0,11,0,0,8,2,2,0,4,5,0,0,0,0,0,0,0,75,8,4533
5253,69,Master,Together,54603.0,1,1,2013-07-09,85,145,13,46,17,2,4,6,4,2,4,7,0,0,0,0,0,0,0,227,16,4602
5081,58,2nd Cycle,Together,47821.0,1,1,2013-10-20,54,9,0,16,6,6,10,1,1,0,3,8,0,0,0,0,0,0,0,47,5,4499
5123,74,Master,Married,27450.0,0,0,2013-04-15,57,37,12,23,8,11,52,1,2,1,3,7,0,0,0,0,0,0,0,143,7,4687
5756,42,Graduation,Together,39453.0,1,0,2014-04-03,64,46,0,7,0,0,2,2,2,0,3,6,0,0,0,0,0,0,0,55,7,4334
8036,54,2nd Cycle,Together,26850.0,1,1,2014-04-18,10,31,1,13,7,2,9,4,2,1,4,4,0,0,0,0,0,0,0,63,11,4319
4179,66,Graduation,Together,24221.0,0,0,2013-08-20,94,8,9,9,2,5,22,1,1,1,3,4,0,0,0,0,0,0,0,55,6,4560
6424,48,Graduation,Together,33178.0,1,0,2014-01-30,9,12,6,2,11,2,16,1,1,0,3,4,0,0,0,0,0,0,0,49,5,4397
5252,56,Graduation,Divorced,23910.0,1,0,2012-10-26,80,16,12,18,7,1,13,1,2,0,3,7,0,0,0,0,0,0,0,67,6,4858
7444,56,Master,Married,42169.0,1,1,2013-10-19,20,19,0,9,0,0,2,2,1,0,3,8,0,0,0,0,0,0,0,30,6,4500
6919,47,2nd Cycle,Married,26224.0,1,0,2013-06-04,39,4,7,15,13,9,15,3,2,1,3,6,0,0,0,0,0,0,0,63,9,4637
3537,44,Graduation,Together,31089.0,1,0,2012-08-17,57,31,3,31,2,8,4,3,3,0,4,8,0,0,0,0,0,0,0,79,10,4928
10277,64,Graduation,Single,30081.0,0,1,2013-02-21,27,36,0,2,0,0,4,1,1,0,3,7,0,0,0,0,0,0,0,42,5,4740
1177,59,Master,Together,49618.0,1,1,2013-01-26,77,80,3,26,4,2,14,4,3,1,3,7,0,0,0,0,0,0,0,129,11,4766
7232,52,Graduation,Widow,42429.0,0,1,2014-02-11,99,55,0,6,2,0,4,2,1,1,3,5,0,0,0,0,0,0,0,67,7,4385
8477,69,Graduation,Divorced,26150.0,2,1,2013-03-11,61,5,1,13,3,5,1,1,1,0,3,7,0,0,0,0,0,0,0,28,5,4722
2457,50,Basic,Married,30801.0,0,1,2012-10-26,23,8,4,5,15,2,11,2,1,0,3,7,0,0,0,0,0,0,0,45,6,4858
6682,52,Basic,Married,18978.0,1,0,2012-12-11,41,2,8,1,4,7,15,1,1,0,3,8,0,0,0,0,0,0,0,37,5,4812
6222,58,Graduation,Married,22574.0,2,1,2013-10-28,28,25,0,8,2,0,2,2,2,0,3,7,0,0,0,0,0,0,0,37,7,4491
3083,51,Graduation,Married,45837.0,1,1,2013-07-26,88,215,13,87,17,17,24,5,6,2,5,7,0,0,0,0,0,0,0,373,18,4585
8953,60,Master,Single,35791.0,2,1,2013-05-06,94,27,0,5,0,0,3,2,1,0,3,8,0,0,0,0,0,0,0,35,6,4666
8650,47,Graduation,Widow,54162.0,1,1,2013-03-18,31,5,6,10,6,5,10,1,1,0,3,4,0,0,0,0,0,0,0,42,5,4715
6941,54,Graduation,Single,31632.0,0,0,2013-07-14,92,17,8,12,11,15,32,1,2,1,2,7,0,0,0,0,0,0,0,95,6,4597
10708,47,2nd Cycle,Single,36975.0,1,0,2013-12-28,50,10,6,11,0,4,2,1,1,0,3,7,0,0,0,0,0,0,0,33,5,4430
3641,49,Graduation,Married,13624.0,1,0,2013-01-20,93,10,2,15,2,1,6,2,2,0,3,6,0,0,0,0,0,0,0,36,7,4772
3469,48,Phd,Divorced,34487.0,1,1,2012-09-06,94,19,18,33,24,1,8,3,3,0,3,9,0,0,0,0,0,0,0,103,9,4908
5063,48,Graduation,Single,28769.0,1,0,2012-12-18,76,41,5,129,10,3,3,3,4,1,4,9,0,0,0,0,0,0,0,191,12,4805
8461,63,Graduation,Divorced,46102.0,2,1,2014-03-10,3,14,0,1,0,0,1,1,1,0,2,7,0,0,0,0,0,0,0,16,4,4358
6728,40,Graduation,Together,29103.0,1,0,2012-08-27,38,16,0,17,6,3,6,2,1,0,3,9,0,0,0,0,0,0,0,48,6,4918
4725,75,Phd,Together,50616.0,0,1,2014-04-13,71,30,2,25,0,1,9,1,1,1,4,2,0,0,0,0,0,0,0,67,7,4324
3277,70,Graduation,Divorced,49431.0,0,1,2012-08-03,9,219,3,100,26,0,17,2,7,1,5,8,0,0,0,0,0,0,0,365,15,4942
2564,72,Graduation,Together,61278.0,0,1,2014-01-04,87,111,3,28,2,6,15,2,3,1,4,6,0,0,0,0,0,0,0,165,10,4423
946,67,2nd Cycle,Together,26490.0,0,0,2012-09-22,92,45,47,52,21,20,25,2,3,1,5,6,0,0,0,0,0,0,0,210,11,4892
7093,40,Graduation,Married,19986.0,1,0,2013-11-14,74,3,6,5,0,2,6,1,0,0,3,7,0,0,0,0,0,0,0,22,4,4474
1777,45,Basic,Married,25965.0,0,0,2012-09-07,29,2,2,11,41,7,11,1,2,0,3,8,0,0,0,0,0,0,0,74,6,4907
8162,69,Master,Together,14661.0,0,0,2013-01-01,88,4,1,11,6,2,2,1,1,0,3,6,0,0,0,0,0,0,0,26,5,4791
10826,66,Graduation,Married,18690.0,0,0,2012-12-28,77,6,1,7,23,4,19,1,1,1,2,8,0,0,0,0,0,0,0,60,5,4795
8754,51,Phd,Together,45068.0,0,1,2013-05-16,25,14,0,3,0,0,3,1,1,0,2,7,0,0,0,0,0,0,0,20,4,4656
1987,38,Basic,Single,21063.0,1,0,2013-09-25,34,1,10,11,19,3,15,2,2,0,3,6,0,0,0,0,0,0,0,59,7,4524
11007,57,Phd,Married,29187.0,1,0,2013-05-09,43,26,0,6,0,0,2,1,1,0,3,8,0,0,0,0,0,0,0,34,5,4663
7426,54,2nd Cycle,Married,54690.0,1,1,2013-11-07,76,111,16,37,7,9,18,3,3,1,5,3,0,0,0,0,0,0,0,198,12,4481
6961,51,Graduation,Married,26751.0,2,0,2014-05-22,26,1,1,5,0,3,1,1,1,0,2,8,0,0,0,0,0,0,0,11,4,4285
9316,73,Basic,Together,13084.0,0,0,2013-11-02,29,2,0,7,3,7,10,1,1,0,3,6,0,0,0,0,0,0,0,29,5,4486
9239,64,Master,Married,61923.0,0,2,2013-07-26,94,92,4,18,3,3,6,1,2,1,4,3,0,0,0,0,0,0,0,126,8,4585
8315,30,Graduation,Single,34824.0,0,0,2014-03-26,65,4,2,11,2,0,4,1,1,0,2,6,0,0,0,0,0,0,0,23,4,4342
968,57,Master,Divorced,41335.0,1,0,2013-12-26,24,112,19,21,16,14,5,3,4,1,4,7,0,0,0,0,0,0,0,187,12,4432
4472,55,Phd,Divorced,35682.0,1,0,2014-06-27,34,23,0,8,6,2,18,1,1,1,3,2,0,0,0,0,0,0,0,57,6,4249
1940,39,Graduation,Married,25252.0,1,0,2013-07-12,26,1,3,4,2,2,6,1,1,0,2,8,0,0,0,0,0,0,0,18,4,4599
1388,50,Graduation,Single,33249.0,1,0,2013-02-20,11,6,10,21,19,14,42,2,2,1,3,6,0,0,0,0,0,0,0,112,8,4741
6969,43,Graduation,Together,50272.0,1,0,2013-08-07,75,99,13,66,43,8,4,3,4,1,5,7,0,0,0,0,0,0,0,233,13,4573
1715,47,Graduation,Together,25851.0,1,0,2013-02-11,45,9,4,18,7,5,5,2,2,0,3,7,0,0,0,0,0,0,0,48,7,4750
1463,67,Graduation,Single,45160.0,1,1,2014-03-29,9,8,2,5,3,0,3,1,1,0,2,7,0,0,0,0,0,0,0,21,4,4339
4329,41,Phd,Married,18988.0,1,0,2014-05-23,43,6,0,6,2,1,1,2,1,0,3,7,0,0,0,0,0,0,0,16,6,4284
7212,59,Graduation,Married,44794.0,0,1,2014-06-08,99,54,0,7,0,0,4,1,2,0,3,6,0,0,0,0,0,0,0,65,6,4268
5329,76,Phd,Divorced,35946.0,1,1,2013-09-27,24,8,0,3,0,0,0,1,0,0,3,5,0,0,0,0,0,0,0,11,4,4522
5956,77,Phd,Divorced,45072.0,1,2,2013-10-16,74,144,2,99,7,2,30,5,6,1,4,8,0,0,0,0,0,0,0,284,16,4503
6516,36,Basic,Married,17487.0,1,0,2013-03-18,37,0,0,1,7,4,6,1,1,0,2,7,0,0,0,0,0,0,0,18,4,4715
7458,69,Master,Together,34941.0,1,1,2013-03-06,26,39,2,25,4,3,24,2,3,0,3,8,0,0,0,0,0,0,0,97,8,4727
5237,75,Phd,Single,48767.0,1,2,2014-01-01,79,28,1,21,3,0,10,3,2,1,3,5,0,0,0,0,0,0,0,63,9,4426
7761,47,2nd Cycle,Together,38702.0,1,0,2013-08-01,71,13,11,24,13,8,40,2,3,0,4,6,0,0,0,0,0,0,0,109,9,4579
7235,50,2nd Cycle,Married,17003.0,1,0,2013-12-09,37,2,5,12,4,8,7,3,2,0,4,5,0,0,0,0,0,0,0,38,9,4449
10470,46,Master,Married,40662.0,1,0,2013-03-15,0,40,2,23,0,4,23,2,2,1,3,4,0,0,0,0,0,0,0,92,8,4718
6488,66,Phd,Married,38829.0,0,1,2014-04-06,86,76,0,7,0,0,16,1,3,2,2,5,0,0,0,0,0,0,0,99,8,4331
10270,44,2nd Cycle,Married,35523.0,1,0,2013-10-03,8,11,5,22,12,5,11,2,3,0,3,7,0,0,0,0,0,0,0,66,8,4516
221,70,Graduation,Married,48726.0,0,1,2013-04-27,90,138,3,38,4,0,59,3,3,2,4,6,0,0,0,0,0,0,0,242,12,4675
20,60,2nd Cycle,Married,46891.0,0,1,2013-09-01,91,43,12,23,29,15,61,1,2,1,4,4,0,0,0,0,0,0,0,183,8,4548
2371,53,Graduation,Married,33622.0,1,1,2013-04-13,22,39,1,22,3,4,12,3,2,0,4,7,0,0,0,0,0,0,0,81,9,4689
6825,72,Graduation,Together,41452.0,1,1,2013-03-06,86,13,0,3,0,0,0,1,1,0,2,7,0,0,0,0,0,0,0,16,4,4727
1072,60,Phd,Single,40760.0,0,1,2013-08-30,64,70,0,17,0,0,6,2,2,1,3,6,0,0,0,0,0,0,0,93,8,4550
2461,70,Master,Single,51124.0,1,1,2013-12-18,79,26,1,11,0,1,4,2,1,0,3,3,0,0,0,0,0,0,0,43,6,4440
10839,49,Graduation,Together,36283.0,1,1,2014-04-14,42,6,5,5,8,0,5,2,1,0,3,4,0,0,0,0,0,0,0,29,6,4323
49,55,Graduation,Single,20587.0,1,0,2014-05-11,39,2,3,6,4,1,9,1,1,1,2,7,0,0,0,0,0,0,0,25,5,4296
4290,53,Graduation,Married,30467.0,1,0,2014-03-19,8,1,3,8,2,5,5,1,1,0,2,7,0,0,0,0,0,0,0,24,4,4349
10219,53,Graduation,Together,31590.0,1,0,2013-06-18,40,6,2,15,6,6,3,1,1,0,3,8,0,0,0,0,0,0,0,38,5,4623
4211,39,Basic,Married,20425.0,1,0,2012-10-29,5,4,12,5,3,16,17,2,2,0,3,7,0,0,0,0,0,0,0,57,7,4855
1135,65,Master,Together,17144.0,1,1,2014-02-15,96,18,2,19,0,2,6,5,3,0,4,7,0,0,0,0,0,0,0,47,12,4381
347,49,Graduation,Divorced,40780.0,0,1,2012-09-08,30,229,27,71,13,3,34,4,7,1,5,9,0,0,0,0,0,0,0,377,17,4906
4442,64,Graduation,Single,46524.0,0,1,2013-04-05,70,31,19,35,26,14,52,2,1,1,5,3,0,0,0,0,0,0,0,177,9,4697
8523,57,Graduation,Married,19329.0,1,0,2013-12-14,39,24,1,16,12,2,5,3,4,0,3,8,0,0,0,0,0,0,0,60,10,4444
8629,69,Graduation,Widow,46984.0,1,1,2013-03-26,71,19,1,10,2,1,8,1,1,0,3,5,0,0,0,0,0,0,0,41,5,4707
236,74,Graduation,Married,34838.0,1,1,2013-01-19,62,28,23,29,29,14,47,3,2,1,4,6,0,0,0,0,0,0,0,170,10,4773
7326,54,Master,Married,56850.0,0,1,2014-03-23,83,34,1,19,2,7,0,1,1,1,3,2,0,0,0,0,0,0,0,63,6,4345
2964,44,Graduation,Married,26872.0,0,0,2013-10-16,0,3,10,8,3,16,32,1,1,1,2,6,0,0,0,0,0,0,0,72,5,4503
2986,49,Graduation,Married,30772.0,1,1,2014-03-12,89,7,2,4,2,1,4,1,1,0,2,6,0,0,0,0,0,0,0,20,4,4356
7034,47,2nd Cycle,Married,25804.0,1,0,2013-09-01,34,8,7,9,13,6,12,2,2,0,3,8,0,0,0,0,0,0,0,55,7,4548
1143,53,Graduation,Married,22063.0,1,0,2013-08-08,43,7,10,13,3,11,11,2,2,0,3,7,0,0,0,0,0,0,0,55,7,4572
3855,62,Graduation,Married,22419.0,0,0,2013-04-18,74,30,3,47,19,21,42,1,3,2,2,8,0,0,0,0,0,0,0,162,8,4684
6768,63,Graduation,Divorced,37859.0,1,2,2013-01-12,75,22,1,8,2,1,2,2,1,0,3,8,0,0,0,0,0,0,0,36,6,4780
6646,41,Graduation,Together,16529.0,1,0,2014-03-01,23,3,0,5,13,0,1,1,1,0,3,6,0,0,0,0,0,0,0,22,5,4367
4887,49,Phd,Divorced,55412.0,1,1,2013-11-22,65,10,5,28,11,1,8,1,2,0,3,5,0,0,0,0,0,0,0,63,6,4466
11003,45,2nd Cycle,Together,25130.0,1,0,2013-10-02,10,2,5,7,0,18,18,2,2,0,3,7,0,0,0,0,0,0,0,50,7,4517
10402,58,Graduation,Married,35441.0,1,1,2013-02-14,94,25,1,9,2,1,1,2,1,0,3,8,0,0,0,0,0,0,0,39,6,4747
10856,45,2nd Cycle,Single,45889.0,0,1,2013-07-02,42,31,0,6,0,1,8,1,1,0,3,6,0,0,0,0,0,0,0,46,5,4609
4186,75,Graduation,Together,34026.0,1,1,2013-08-05,11,18,6,15,12,8,17,3,2,1,3,5,0,0,0,0,0,0,0,76,9,4575
3312,37,Graduation,Single,34176.0,1,0,2014-05-12,12,5,7,24,19,14,20,4,3,0,4,6,0,0,0,0,0,0,0,89,11,4295
11121,44,Graduation,Married,19419.0,1,0,2012-11-10,76,2,14,28,16,3,7,4,4,0,3,9,0,0,0,0,0,0,0,70,11,4843
2895,62,Graduation,Single,49980.0,0,1,2013-10-23,79,104,1,54,13,9,14,2,3,1,5,5,0,0,0,0,0,0,0,195,11,4496
10262,45,Graduation,Married,15072.0,2,0,2013-05-10,96,8,2,15,0,10,18,4,3,1,3,5,0,0,0,0,0,0,0,53,11,4662
4877,52,Master,Married,38576.0,0,1,2014-03-04,2,34,0,7,0,0,0,1,1,0,3,7,0,0,0,0,0,0,0,41,5,4364
3007,59,Graduation,Together,37758.0,1,1,2012-10-04,49,27,2,10,0,0,1,2,1,0,3,8,0,0,0,0,0,0,0,40,6,4880
4297,56,Graduation,Together,23228.0,1,0,2014-01-26,71,13,2,18,6,1,0,2,2,0,3,8,0,0,0,0,0,0,0,40,7,4401
807,56,Master,Together,44602.0,1,1,2014-02-15,35,167,2,89,0,0,34,6,6,1,4,8,0,0,0,0,0,0,0,292,17,4381
9553,38,Graduation,Married,7500.0,0,0,2013-01-09,94,0,2,3,4,1,5,1,0,0,3,6,0,0,0,0,0,0,0,15,4,4783
4259,39,Master,Single,19485.0,2,0,2013-09-24,80,6,0,4,0,0,0,1,1,0,2,7,0,0,0,0,0,0,0,10,4,4525
2447,46,Graduation,Together,30545.0,1,0,2012-10-17,71,4,12,15,19,7,12,2,2,0,3,7,0,0,0,0,0,0,0,69,7,4867
3623,49,Graduation,Together,21675.0,1,0,2014-06-11,55,4,0,16,17,4,4,3,4,0,3,7,0,0,0,0,0,0,0,45,10,4265
738,44,2nd Cycle,Single,42395.0,1,1,2014-04-04,35,48,13,57,24,15,25,4,3,1,4,7,0,0,0,0,0,0,0,182,12,4333
10602,42,Graduation,Married,39922.0,1,0,2013-02-14,30,29,12,59,19,1,36,2,3,0,4,8,0,0,0,0,0,0,0,156,9,4747
3270,47,2nd Cycle,Together,17117.0,1,0,2013-01-17,96,12,23,38,30,18,7,4,3,1,3,9,0,0,0,0,0,0,0,128,11,4775
9653,50,Graduation,Married,35797.0,0,1,2012-10-16,16,27,1,14,4,1,21,2,2,0,3,8,0,0,0,0,0,0,0,68,7,4868
8916,50,Graduation,Divorced,36627.0,2,0,2013-07-23,78,9,1,5,0,0,1,1,0,0,3,5,0,0,0,0,0,0,0,16,4,4588
8017,44,2nd Cycle,Married,51111.0,1,1,2014-06-19,83,22,0,19,6,5,3,2,2,0,3,6,0,0,0,0,0,0,0,55,7,4257
7023,72,Phd,Single,46231.0,2,1,2012-11-26,87,189,2,55,0,5,12,4,6,1,4,9,0,0,0,0,0,0,0,263,15,4827
8086,66,Graduation,Married,42243.0,1,1,2013-12-11,34,48,0,2,0,0,5,2,2,0,3,7,0,0,0,0,0,0,0,55,7,4447
7108,60,Master,Widow,51390.0,1,1,2012-09-08,54,205,20,47,23,2,56,6,5,2,5,5,0,0,0,0,0,0,0,353,18,4906
9960,34,Basic,Single,26868.0,1,0,2014-04-30,52,0,0,1,8,3,2,1,1,0,2,7,0,0,0,0,0,0,0,14,4,4307
905,39,Graduation,Divorced,21846.0,1,0,2013-10-22,38,7,17,18,6,10,26,4,4,0,3,8,0,0,0,0,0,0,0,84,11,4497
8945,55,Graduation,Divorced,54137.0,0,1,2013-08-16,46,171,0,11,0,1,20,2,4,1,4,6,0,0,0,0,0,0,0,203,11,4564
1968,54,Graduation,Widow,45684.0,1,0,2013-12-02,37,5,1,5,10,0,7,1,1,0,2,7,0,0,0,0,0,0,0,28,4,4456
6534,51,Graduation,Together,47889.0,1,0,2014-01-04,94,29,0,29,0,5,4,1,2,0,3,5,0,0,0,0,0,0,0,67,6,4423
4988,77,Phd,Married,34469.0,1,1,2014-05-04,58,19,6,20,0,5,12,3,1,1,4,4,0,0,0,0,0,0,0,62,9,4303
538,36,Graduation,Single,46107.0,1,0,2014-02-10,78,31,9,27,16,9,33,1,1,1,4,3,0,0,0,0,0,0,0,125,7,4386
5692,36,Basic,Married,25443.0,1,0,2012-12-22,82,1,4,3,8,9,7,1,1,0,3,8,0,0,0,0,0,0,0,32,5,4801
6383,54,Phd,Together,32892.0,1,0,2014-05-25,78,26,0,15,2,1,2,2,3,0,3,8,0,0,0,0,0,0,0,46,8,4282
8700,39,Basic,Single,14906.0,0,0,2012-12-22,86,7,7,14,7,16,15,3,2,1,3,7,0,0,0,0,0,0,0,66,9,4801
8405,46,Graduation,Divorced,68274.0,1,1,2013-09-30,83,135,25,51,23,25,46,2,4,2,5,3,0,0,0,0,0,0,0,305,13,4519
6515,48,Graduation,Together,39771.0,1,0,2013-12-06,92,6,2,18,2,8,14,1,2,0,3,4,0,0,0,0,0,0,0,50,6,4452
7574,46,Phd,Together,27922.0,1,0,2014-05-10,80,11,0,13,2,4,11,1,2,0,3,4,0,0,0,0,0,0,0,41,6,4297
5048,54,Phd,Single,42767.0,2,0,2013-05-11,53,20,6,43,19,5,38,1,3,1,2,8,0,0,0,0,0,0,0,131,7,4661
8146,49,Master,Together,46106.0,1,1,2014-05-11,84,30,0,8,2,0,14,1,1,1,2,6,0,0,0,0,0,0,0,54,5,4296
10031,49,Phd,Married,16927.0,1,1,2013-02-10,50,20,2,23,3,1,4,5,3,0,4,8,0,0,0,0,0,0,0,53,12,4751
1523,52,Graduation,Married,59041.0,1,1,2014-05-07,25,69,2,15,2,2,6,2,2,0,4,5,0,0,0,0,0,0,0,96,8,4300
9665,68,Phd,Divorced,54237.0,0,1,2013-04-27,48,267,3,30,4,0,57,4,5,2,5,6,0,0,0,0,0,0,0,361,16,4675
2456,50,Phd,Married,40233.0,0,1,2013-10-14,84,80,4,46,0,17,2,5,2,1,5,6,0,0,0,0,0,0,0,149,13,4505
7011,52,Graduation,Married,33471.0,1,0,2012-10-12,47,43,2,27,0,9,12,3,3,0,4,7,0,0,0,0,0,0,0,93,10,4872
1734,57,Phd,Together,40706.0,2,1,2013-01-17,37,59,0,11,4,2,5,4,3,0,4,7,0,0,0,0,0,0,0,81,11,4775
3308,73,Graduation,Married,35704.0,1,1,2014-01-03,54,30,9,12,2,11,30,3,2,0,4,4,0,0,0,0,0,0,0,94,9,4424
2166,65,2nd Cycle,Widow,46779.0,1,1,2013-07-12,55,12,1,3,0,0,7,1,0,1,2,4,0,0,0,0,0,0,0,23,4,4599
6634,46,Master,Divorced,33462.0,1,0,2013-08-07,78,22,3,18,0,0,11,1,2,0,3,7,0,0,0,0,0,0,0,54,6,4573
453,69,Phd,Widow,35340.0,1,1,2014-06-29,1,27,0,12,0,1,5,2,2,0,3,5,0,0,0,0,0,0,0,45,7,4247
9850,53,2nd Cycle,Married,24884.0,1,0,2012-11-29,32,3,6,7,0,0,3,1,0,0,3,7,0,0,0,0,0,0,0,19,4,4824
1640,71,Graduation,Divorced,64587.0,1,1,2014-06-22,49,66,0,16,0,6,20,2,1,1,4,3,0,0,0,0,0,0,0,108,8,4254
5184,30,Graduation,Single,34824.0,0,0,2014-03-26,65,4,2,11,2,0,4,1,1,0,2,6,0,0,0,0,0,0,0,23,4,4342
11188,68,Graduation,Together,26091.0,1,1,2014-02-25,84,15,10,19,8,17,20,3,2,1,3,5,0,0,0,0,0,0,0,89,9,4371
5527,38,Graduation,Together,22434.0,1,0,2013-02-13,25,4,12,11,3,13,15,2,2,0,3,8,0,0,0,0,0,0,0,58,7,4748
6374,71,Phd,Married,36930.0,0,1,2013-05-17,50,223,2,31,0,2,39,5,5,2,4,8,0,0,0,0,0,0,0,297,16,4655
6119,62,Phd,Single,36736.0,1,1,2013-05-10,52,10,0,3,0,0,4,1,1,0,2,6,0,0,0,0,0,0,0,17,4,4662
5723,49,Phd,Together,49187.0,0,1,2014-01-11,63,81,1,31,2,1,0,1,1,1,5,2,0,0,0,0,0,0,0,116,8,4416
1970,57,Master,Together,34053.0,0,1,2012-09-10,14,63,0,21,7,0,12,1,3,0,3,8,0,0,0,0,0,0,0,103,7,4904
5313,54,Master,Married,38196.0,1,1,2014-04-18,20,30,0,11,0,0,3,3,2,0,4,5,0,0,0,0,0,0,0,44,9,4319
3158,52,Graduation,Married,32300.0,1,0,2013-01-03,1,13,3,6,6,5,6,1,1,0,3,8,0,0,0,0,0,0,0,39,5,4789
4436,49,Graduation,Single,20180.0,0,0,2013-02-20,27,18,42,24,15,20,18,1,2,1,4,7,0,0,0,0,0,0,0,137,8,4741
5287,52,Graduation,Married,34961.0,1,0,2014-06-19,77,45,2,26,4,1,1,3,3,1,3,7,0,0,0,0,0,0,0,79,10,4257
2445,51,Phd,Together,28440.0,1,0,2013-07-07,87,38,1,24,0,0,0,1,2,0,3,8,0,0,0,0,0,0,0,63,6,4604
4550,59,Master,Together,33564.0,0,1,2014-06-24,51,61,0,3,0,0,7,1,1,1,3,5,0,0,0,0,0,0,0,71,6,4252
4240,47,Graduation,Married,17345.0,1,0,2012-11-03,79,4,9,16,17,0,12,2,2,1,2,8,0,0,0,0,0,0,0,58,7,4850
3628,38,Basic,Single,15038.0,1,0,2013-01-29,93,4,8,11,19,12,26,2,2,1,2,9,0,0,0,0,0,0,0,80,7,4763
10175,67,Phd,Divorced,32173.0,0,1,2013-08-01,0,18,0,2,0,0,2,1,1,0,3,4,0,0,0,0,0,0,0,22,5,4579
5263,48,2nd Cycle,Married,31056.0,1,0,2013-01-22,99,5,10,13,3,8,16,1,1,0,3,8,0,0,0,0,0,0,0,55,5,4770
10613,67,Phd,Together,37334.0,1,1,2014-02-26,44,26,1,16,2,2,15,4,3,0,4,4,0,0,0,0,0,0,0,62,11,4370
67,53,Master,Single,46423.0,1,1,2013-09-18,6,68,0,16,0,0,8,3,2,0,4,7,0,0,0,0,0,0,0,92,9,4531
5985,60,Master,Single,33168.0,0,1,2012-10-13,0,80,1,37,0,1,3,3,2,1,4,7,0,0,0,0,0,0,0,122,10,4871
4754,59,Master,Married,33585.0,0,1,2013-09-25,91,30,11,33,13,6,29,1,2,0,4,4,0,0,0,0,0,0,0,122,7,4524
5731,42,Master,Married,27100.0,1,0,2013-04-05,64,12,0,13,2,0,10,1,1,0,3,7,0,0,0,0,0,0,0,37,5,4697
3846,51,Graduation,Married,42557.0,0,1,2012-08-29,98,192,5,53,0,5,15,4,6,1,4,8,0,0,0,0,0,0,0,270,15,4916
8104,74,Phd,Married,53312.0,0,0,2013-08-09,32,241,0,12,0,0,25,1,5,1,5,7,0,0,0,0,0,0,0,278,12,4571
4415,64,Graduation,Married,16860.0,1,1,2012-09-12,19,10,4,4,3,3,14,3,1,1,3,7,0,0,0,0,0,0,0,38,8,4902
4817,69,Graduation,Divorced,22304.0,0,0,2012-08-04,91,3,2,7,0,4,2,1,1,0,2,8,0,0,0,0,0,0,0,18,4,4941
10536,54,Phd,Together,32892.0,1,0,2014-05-25,78,26,0,15,2,1,2,2,3,0,3,8,0,0,0,0,0,0,0,46,8,4282
9197,72,Graduation,Married,39722.0,0,1,2014-02-24,92,32,0,5,2,0,8,2,2,0,3,5,0,0,0,0,0,0,0,47,7,4372
577,49,2nd Cycle,Together,26907.0,1,1,2013-08-20,10,9,1,7,0,3,2,2,1,0,3,7,0,0,0,0,0,0,0,22,6,4560
3081,47,Phd,Married,41014.0,1,0,2013-04-22,65,7,2,6,2,0,3,1,1,0,2,7,0,0,0,0,0,0,0,20,4,4680
9523,43,Graduation,Together,40479.0,1,0,2013-08-17,95,5,0,8,2,0,0,1,0,0,3,4,0,0,0,0,0,0,0,15,4,4563
10914,55,Graduation,Single,24163.0,1,1,2013-10-12,3,4,1,7,2,1,2,2,1,0,3,4,0,0,0,0,0,0,0,17,6,4507
5577,42,Graduation,Together,43776.0,1,0,2014-05-03,77,8,0,9,2,1,3,1,1,0,2,6,0,0,0,0,0,0,0,23,4,4304
1833,51,Phd,Single,39190.0,1,0,2014-04-26,91,68,8,18,19,8,12,2,2,1,4,5,0,0,0,0,0,0,0,133,9,4311
9080,53,Phd,Single,38578.0,1,1,2013-06-22,2,38,4,22,3,3,3,3,3,0,3,8,0,0,0,0,0,0,0,73,9,4619
6466,60,Phd,Married,57236.0,1,1,2014-03-12,22,105,0,9,2,1,4,3,2,1,4,3,0,0,0,0,0,0,0,121,10,4356
1109,43,Master,Together,27590.0,1,0,2013-04-23,38,6,0,5,0,0,1,1,1,0,2,7,0,0,0,0,0,0,0,12,4,4679
1545,39,Graduation,Married,38508.0,1,0,2013-08-02,95,120,19,206,25,19,54,6,7,2,5,8,0,0,0,0,0,0,0,443,20,4578
4444,53,Graduation,Married,30023.0,1,0,2014-03-24,28,11,0,16,7,6,21,1,2,0,3,8,0,0,0,0,0,0,0,61,6,4344
6271,73,Phd,Married,50870.0,0,1,2014-06-19,13,53,0,8,0,0,2,1,2,0,3,5,0,0,0,0,0,0,0,63,6,4257
10065,55,2nd Cycle,Married,15315.0,0,0,2013-08-03,27,7,4,13,15,8,17,2,2,0,4,5,0,0,0,0,0,0,0,64,8,4577
10022,52,Phd,Single,54466.0,1,1,2014-02-09,78,12,0,4,0,0,0,1,1,0,2,5,0,0,0,0,0,0,0,16,4,4387
11010,41,Phd,Single,16269.0,1,0,2013-08-30,75,19,3,18,3,1,0,3,3,0,3,8,0,0,0,0,0,0,0,44,9,4550
880,59,Basic,Together,22634.0,0,0,2013-01-16,47,2,23,11,8,6,46,1,2,1,2,8,0,0,0,0,0,0,0,96,6,4776
4713,46,Phd,Married,31605.0,1,0,2012-11-22,15,74,0,42,2,1,6,2,2,1,4,7,0,0,0,0,0,0,0,125,9,4831
5025,46,Graduation,Single,48526.0,1,0,2013-12-24,32,23,17,23,43,20,9,1,2,1,4,3,0,0,0,0,0,0,0,135,8,4434
2308,71,Graduation,Married,46734.0,0,1,2012-11-18,40,110,5,137,26,23,29,2,6,1,5,7,0,0,0,0,0,0,0,330,14,4835
1010,48,Graduation,Together,46931.0,2,1,2014-04-24,94,41,0,17,3,1,16,2,1,1,3,3,0,0,0,0,0,0,0,78,7,4313
8977,40,Basic,Single,16581.0,0,0,2013-01-12,51,1,3,4,2,3,11,1,0,0,3,4,0,0,0,0,0,0,0,24,4,4780
606,58,Graduation,Single,25930.0,1,1,2013-10-10,87,6,1,2,2,0,4,1,1,0,2,7,0,0,0,0,0,0,0,15,4,4509
5961,47,Graduation,Married,42693.0,1,0,2014-06-07,29,8,4,20,6,3,16,1,1,0,3,5,0,0,0,0,0,0,0,57,5,4269
10542,57,Phd,Married,36778.0,1,1,2012-08-05,63,29,4,34,2,4,4,3,3,0,3,9,0,0,0,0,0,0,0,77,9,4940
10617,36,Master,Divorced,10979.0,0,0,2014-05-22,34,8,4,10,2,2,4,2,3,0,3,5,0,0,0,0,0,0,0,30,8,4285
11166,64,Graduation,Married,49678.0,0,1,2013-02-02,81,229,5,56,3,2,20,2,6,2,4,7,0,0,0,0,0,0,0,315,14,4759
523,36,Graduation,Married,37155.0,1,0,2013-01-31,51,23,0,26,7,15,3,1,2,0,4,5,0,0,0,0,0,0,0,74,7,4761
4066,47,2nd Cycle,Divorced,21282.0,1,0,2014-05-11,76,1,5,8,4,8,20,2,2,1,2,6,0,0,0,0,0,0,0,46,7,4296
8414,63,Phd,Single,33419.0,0,1,2013-08-17,76,56,0,12,0,0,18,2,2,0,4,7,0,0,0,0,0,0,0,86,8,4563
4961,51,Master,Together,21255.0,1,0,2014-01-21,56,29,0,25,2,2,3,4,2,1,4,4,0,0,0,0,0,0,0,61,11,4406
10710,46,Graduation,Married,7500.0,0,1,2012-08-29,61,5,2,3,3,0,5,1,1,0,2,8,0,0,0,0,0,0,0,18,4,4916
213,62,Phd,Single,23091.0,1,1,2014-05-28,98,35,0,11,0,0,2,4,2,1,3,7,0,0,0,0,0,0,0,48,10,4279
5922,51,Phd,Married,40344.0,0,1,2013-10-13,48,210,0,6,0,0,2,2,4,1,5,7,0,0,0,0,0,0,0,218,12,4506
6116,57,2nd Cycle,Married,48985.0,0,1,2013-07-05,13,19,13,18,10,7,8,1,1,1,3,3,0,0,0,0,0,0,0,75,6,4606
6263,57,Graduation,Together,35322.0,1,2,2012-08-22,34,28,9,37,12,7,13,3,2,0,4,8,0,0,0,0,0,0,0,106,9,4923
3363,51,2nd Cycle,Married,20130.0,0,0,2014-03-17,99,0,6,3,7,6,12,1,1,0,3,8,0,0,0,0,0,0,0,34,5,4351
8686,46,Basic,Together,23724.0,1,0,2013-01-08,65,5,23,15,0,18,14,2,2,0,3,8,0,0,0,0,0,0,0,75,7,4784
5907,73,Master,Married,33444.0,1,1,2012-11-03,24,8,0,8,0,0,2,1,1,0,2,8,0,0,0,0,0,0,0,18,4,4850
2918,44,Graduation,Divorced,28510.0,1,1,2013-04-13,72,44,5,19,0,4,19,3,2,0,4,5,0,0,0,0,0,0,0,91,9,4689
8387,68,Graduation,Married,43140.0,0,1,2013-01-05,68,134,8,76,6,0,11,1,4,1,5,6,0,0,0,0,0,0,0,235,11,4787
3839,67,Basic,Single,15056.0,1,1,2013-05-03,76,6,12,3,21,6,40,5,2,2,3,5,0,0,0,0,0,0,0,88,12,4669
9392,54,Graduation,Single,26954.0,1,0,2014-05-08,17,4,1,11,0,0,1,1,1,0,2,7,0,0,0,0,0,0,0,17,4,4299
2292,40,Graduation,Single,22327.0,1,0,2013-08-02,94,5,4,8,2,0,5,1,1,0,3,5,0,0,0,0,0,0,0,24,5,4578
10466,60,Graduation,Married,44393.0,1,1,2013-08-22,86,24,2,20,2,2,10,2,1,0,4,4,0,0,0,0,0,0,0,60,7,4558
4088,63,Phd,Together,31497.0,0,1,2012-12-06,22,108,1,28,13,1,4,2,3,1,4,8,0,0,0,0,0,0,0,155,10,4817
5231,51,2nd Cycle,Married,45894.0,0,2,2014-02-27,15,27,2,7,0,2,13,1,1,0,3,5,0,0,0,0,0,0,0,51,5,4369
3515,73,Graduation,Single,62307.0,0,1,2014-02-17,94,87,13,34,10,6,10,1,4,0,4,5,0,0,0,0,0,0,0,160,9,4379
2245,56,Master,Married,43641.0,1,1,2013-04-22,50,57,2,51,4,2,23,3,2,1,4,6,0,0,0,0,0,0,0,139,10,4680
2246,60,2nd Cycle,Married,46891.0,0,1,2013-09-01,91,43,12,23,29,15,61,1,2,1,4,4,0,0,0,0,0,0,0,183,8,4548
837,48,Graduation,Married,54809.0,1,1,2013-09-11,0,63,6,57,13,13,22,4,2,1,5,4,0,0,0,0,0,0,0,174,12,4538
3602,67,Master,Married,51412.0,0,1,2013-12-31,42,140,3,29,4,5,14,2,3,2,4,4,0,0,0,0,0,0,0,195,11,4427
3068,35,Graduation,Married,18351.0,0,0,2013-10-29,1,1,12,9,0,14,7,1,2,0,3,7,0,0,0,0,0,0,0,43,6,4490
945,60,Graduation,Together,36317.0,0,1,2013-05-22,53,87,3,25,3,2,13,2,3,0,4,7,0,0,0,0,0,0,0,133,9,4650
8876,62,Phd,Together,33629.0,1,1,2012-08-08,49,132,0,16,0,0,4,5,3,1,4,9,0,0,0,0,0,0,0,152,13,4937
9739,62,Graduation,Single,34377.0,0,1,2013-01-19,55,62,0,22,3,1,26,2,2,2,2,7,0,0,0,0,0,0,0,114,8,4773
10395,39,Basic,Single,8940.0,1,0,2012-08-22,25,1,45,3,4,6,42,3,3,1,3,8,0,0,0,0,0,0,0,101,10,4923
1176,52,Graduation,Married,26228.0,1,0,2013-09-22,50,2,6,4,3,1,9,1,1,0,2,8,0,0,0,0,0,0,0,25,4,4527
2740,67,Phd,Widow,33438.0,1,1,2013-09-22,81,62,1,16,3,2,6,4,2,1,4,5,0,0,0,0,0,0,0,90,11,4527
833,70,Master,Married,38452.0,1,1,2014-03-30,62,56,0,14,0,0,2,3,3,0,3,7,0,0,0,0,0,0,0,72,9,4338
6230,54,Graduation,Divorced,44421.0,1,1,2013-02-15,53,110,5,59,7,1,7,5,5,0,4,8,0,0,0,0,0,0,0,189,14,4746
7325,39,Phd,Together,38197.0,1,0,2013-06-29,86,23,0,11,2,1,3,1,1,0,3,5,0,0,0,0,0,0,0,40,5,4612
1307,47,Graduation,Divorced,41986.0,0,1,2014-02-09,15,27,5,8,8,3,12,3,3,0,4,4,0,0,0,0,0,0,0,63,10,4387
1502,42,Graduation,Together,28427.0,1,0,2013-03-21,67,18,3,19,3,3,6,2,2,0,3,8,0,0,0,0,0,0,0,52,7,4712
6211,49,Phd,Together,37395.0,1,0,2014-05-02,47,18,0,9,0,1,11,1,1,0,3,6,0,0,0,0,0,0,0,39,5,4305
4174,69,Master,Together,55249.0,0,1,2014-04-17,81,97,1,19,2,0,11,1,2,1,4,3,0,0,0,0,0,0,0,130,8,4320
6918,36,Graduation,Married,28691.0,1,0,2013-07-04,56,5,4,13,8,0,4,1,1,0,3,8,0,0,0,0,0,0,0,34,5,4607
286,73,Graduation,Single,44213.0,1,1,2013-11-29,48,95,11,35,0,4,7,4,2,1,5,6,0,0,0,0,0,0,0,152,12,4459
11086,41,Basic,Single,25707.0,1,0,2014-01-18,18,1,6,2,3,6,3,1,1,0,3,7,0,0,0,0,0,0,0,21,5,4409
1921,58,Phd,Married,59062.0,2,1,2013-10-03,74,46,1,12,3,0,9,2,2,0,3,4,0,0,0,0,0,0,0,71,7,4516
1291,47,Phd,Together,27683.0,1,0,2012-08-04,90,152,9,121,12,12,45,4,6,2,4,8,0,0,0,0,0,0,0,351,16,4941
803,57,Graduation,Together,40521.0,1,1,2013-04-05,82,12,0,5,0,0,4,1,0,1,2,5,0,0,0,0,0,0,0,21,4,4697
4298,52,Phd,Together,20427.0,1,0,2014-03-24,63,5,0,4,0,0,1,1,1,0,2,8,0,0,0,0,0,0,0,10,4,4344
8147,65,Graduation,Married,31454.0,1,1,2013-07-06,40,28,0,11,0,0,9,3,2,0,3,8,0,0,0,0,0,0,0,48,8,4605
11114,55,Graduation,Together,19656.0,1,0,2013-02-08,94,25,4,9,6,8,32,3,2,1,3,7,0,0,0,0,0,0,0,84,9,4753
5429,77,Phd,Married,45579.0,0,1,2013-08-20,10,145,1,33,2,1,1,1,4,1,4,6,0,0,0,0,0,0,0,183,10,4560
7527,57,Master,Divorced,23748.0,1,0,2012-11-21,97,6,6,29,12,15,8,3,2,1,3,8,0,0,0,0,0,0,0,76,9,4832
679,68,Phd,Married,37633.0,1,1,2012-09-20,49,13,4,20,0,0,1,2,1,0,3,9,0,0,0,0,0,0,0,38,6,4894
5267,55,Graduation,Divorced,33986.0,1,0,2013-03-14,43,16,2,18,2,1,5,1,1,0,3,7,0,0,0,0,0,0,0,44,5,4719
2516,56,2nd Cycle,Married,46831.0,1,1,2013-06-08,84,22,2,10,6,4,34,2,1,2,2,4,0,0,0,0,0,0,0,78,7,4633
4808,69,Graduation,Married,15759.0,0,0,2013-09-05,12,1,2,5,6,0,3,1,1,0,2,7,0,0,0,0,0,0,0,17,4,4544
5068,54,Graduation,Single,22804.0,1,0,2013-07-31,75,14,1,7,2,1,1,1,2,0,2,9,0,0,0,0,0,0,0,26,5,4580
7628,52,2nd Cycle,Married,43050.0,1,0,2014-03-18,10,30,5,24,6,3,8,2,2,0,4,5,0,0,0,0,0,0,0,76,8,4350
7128,48,Phd,Single,42997.0,1,1,2013-12-07,91,4,0,5,0,1,5,1,1,0,2,7,0,0,0,0,0,0,0,15,4,4451
2811,62,Phd,Single,48918.0,1,1,2014-04-12,21,52,0,9,0,0,1,2,1,0,4,4,0,0,0,0,0,0,0,62,7,4325
3551,71,Master,Together,60033.0,0,1,2014-03-29,28,62,1,57,19,11,48,2,2,1,5,2,0,0,0,0,0,0,0,198,10,4339
1663,47,Phd,Together,34043.0,1,0,2013-10-25,97,20,2,14,3,0,10,1,2,0,2,9,0,0,0,0,0,0,0,49,5,4494
10641,47,Graduation,Single,7500.0,1,1,2012-12-27,5,6,5,4,13,4,25,4,2,1,3,6,0,0,0,0,0,0,0,57,10,4796
1878,40,2nd Cycle,Married,23148.0,0,0,2014-02-18,83,4,6,8,6,3,10,1,2,0,3,7,0,0,0,0,0,0,0,37,6,4378
3099,55,Graduation,Divorced,44267.0,1,1,2013-02-25,48,183,5,65,3,5,49,5,5,2,4,9,0,0,0,0,0,0,0,310,16,4736
3972,49,Graduation,Together,50200.0,1,1,2013-04-03,70,266,6,51,8,6,64,6,7,1,5,8,0,0,0,0,0,0,0,401,19,4699
10260,60,Master,Together,45143.0,0,1,2013-08-26,74,202,5,74,11,5,14,3,6,1,5,7,0,0,0,0,0,0,0,311,15,4554
6197,63,Phd,Single,27238.0,1,1,2013-04-20,39,37,0,17,0,0,3,3,3,0,3,9,0,0,0,0,0,0,0,57,9,4682
4937,52,2nd Cycle,Married,46094.0,1,1,2014-06-10,62,12,2,20,3,2,5,1,1,0,3,7,0,0,0,0,0,0,0,44,5,4266
1920,53,Graduation,Married,40321.0,1,1,2013-07-29,59,44,4,21,6,0,27,2,3,0,3,7,0,0,0,0,0,0,0,102,8,4582
8749,41,Graduation,Together,37235.0,1,0,2014-02-01,68,20,2,9,4,6,20,1,1,1,2,4,0,0,0,0,0,0,0,61,5,4395
6398,51,Basic,Married,18393.0,1,0,2014-03-29,2,7,10,13,16,0,4,2,3,0,3,8,0,0,0,0,0,0,0,50,8,4339
7937,43,Graduation,Married,24711.0,0,0,2014-04-18,86,10,7,25,6,3,7,1,3,0,3,7,0,0,0,0,0,0,0,58,7,4319
839,50,Phd,Married,45503.0,1,0,2013-09-25,54,97,4,44,6,1,18,1,3,1,4,5,0,0,0,0,0,0,0,170,9,4524
4832,46,Graduation,Married,27244.0,1,0,2014-03-07,84,6,5,17,3,24,46,2,2,2,2,7,0,0,0,0,0,0,0,101,8,4361
9635,42,Master,Married,35876.0,0,0,2014-04-20,13,66,2,40,4,3,14,1,3,1,3,6,0,0,0,0,0,0,0,129,8,4317
2173,73,Graduation,Widow,40049.0,0,1,2013-10-16,23,13,6,7,0,3,3,1,1,0,3,6,0,0,0,0,0,0,0,32,5,4503
2253,35,Graduation,Married,18929.0,0,0,2013-02-16,15,32,0,8,23,4,18,1,1,0,4,6,0,0,0,0,0,0,0,85,6,4745
5181,43,Basic,Single,24367.0,1,0,2013-03-20,58,2,4,2,0,11,5,1,1,0,2,9,0,0,0,0,0,0,0,24,4,4713
979,50,Graduation,Single,33249.0,1,0,2013-02-20,11,6,10,21,19,14,42,2,2,1,3,6,0,0,0,0,0,0,0,112,8,4741
10390,66,2nd Cycle,Married,26887.0,0,1,2013-02-10,27,6,7,4,3,4,6,1,1,0,3,6,0,0,0,0,0,0,0,30,5,4751
8369,38,Graduation,Together,18227.0,1,0,2012-11-08,21,1,2,7,4,3,11,1,0,1,2,8,0,0,0,0,0,0,0,28,4,4845
5232,60,Graduation,Married,69139.0,0,1,2014-01-27,23,86,12,75,33,15,6,1,4,1,5,4,0,0,0,0,0,0,0,227,11,4400
7275,54,Master,Single,33316.0,1,1,2013-10-04,34,79,1,31,4,4,12,3,2,1,4,6,0,0,0,0,0,0,0,131,10,4515
3231,52,Graduation,Married,37971.0,1,0,2013-11-25,97,5,4,10,2,2,7,1,1,0,3,8,0,0,0,0,0,0,0,30,5,4463
4096,57,Master,Divorced,41335.0,1,0,2013-12-26,24,112,19,21,16,14,5,3,4,1,4,7,0,0,0,0,0,0,0,187,12,4432
10476,67,Graduation,Married,67267.0,0,1,2014-05-13,0,134,11,59,15,2,30,1,3,2,5,2,0,0,0,0,0,0,0,251,11,4294
5948,50,Graduation,Single,57338.0,0,1,2014-04-29,96,143,6,52,11,8,17,2,4,1,5,5,0,0,0,0,0,0,0,237,12,4308
9140,65,2nd Cycle,Together,50523.0,1,1,2013-12-25,89,51,4,24,4,7,1,2,2,0,4,6,0,0,0,0,0,0,0,91,8,4433
10258,60,Master,Single,35791.0,2,1,2013-05-06,94,27,0,5,0,0,3,2,1,0,3,8,0,0,0,0,0,0,0,35,6,4666
8805,65,Graduation,Single,48904.0,0,1,2012-12-02,1,283,10,38,0,13,27,4,7,2,4,8,0,0,0,0,0,0,0,371,17,4821
10420,70,Master,Divorced,46390.0,0,1,2014-05-05,56,95,14,64,2,9,38,1,4,2,3,7,0,0,0,0,0,0,0,222,10,4302
7514,69,2nd Cycle,Together,54342.0,1,1,2013-07-03,74,84,10,34,11,10,28,4,3,1,4,6,0,0,0,0,0,0,0,177,12,4608
2902,67,Graduation,Together,51381.5,1,1,2012-09-03,87,19,4,12,2,2,6,1,1,0,3,5,0,0,0,0,0,0,0,45,5,4911
4345,61,2nd Cycle,Single,51381.5,1,1,2014-01-12,49,5,1,9,2,0,4,1,1,0,2,7,0,0,0,0,0,0,0,21,4,4415
793,52,Graduation,Married,20895.0,1,0,2012-10-06,24,18,3,17,3,0,4,1,2,0,3,9,0,0,0,0,0,0,0,45,6,4878
3769,53,Phd,Together,51381.5,1,0,2014-03-02,17,25,1,13,0,0,3,1,1,0,3,7,0,0,0,0,0,0,0,42,5,4366
8702,49,2nd Cycle,Together,26907.0,1,1,2013-08-20,10,9,1,7,0,3,2,2,1,0,3,7,0,0,0,0,0,0,0,22,6,4560
4791,45,Graduation,Together,44964.0,1,1,2012-12-16,35,19,1,17,2,0,2,1,1,0,3,8,0,0,0,0,0,0,0,41,5,4807
8140,52,Graduation,Together,22682.0,1,0,2013-10-03,51,10,14,29,4,2,36,3,2,1,4,4,0,0,0,0,0,0,0,95,10,4516
10146,53,Phd,Together,38887.0,1,0,2014-03-02,17,25,1,13,0,0,3,1,1,0,3,7,0,0,0,0,0,0,0,42,5,4366
5289,50,2nd Cycle,Single,41658.0,1,1,2012-11-09,30,8,4,12,15,4,29,2,1,1,2,4,0,0,0,0,0,0,0,72,6,4844
2587,53,Phd,Married,29791.0,1,0,2014-05-15,21,14,0,6,0,0,0,2,2,0,3,5,0,0,0,0,0,0,0,20,7,4292
8663,51,Graduation,Divorced,39996.0,1,1,2014-05-22,85,11,0,3,0,0,1,1,1,0,2,6,0,0,0,0,0,0,0,15,4,4285
2589,53,Graduation,Divorced,26759.0,1,0,2014-02-07,65,25,3,16,8,5,2,2,2,1,3,6,0,0,0,0,0,0,0,59,8,4389
4094,64,Graduation,Married,60544.0,1,1,2012-08-25,92,201,2,43,3,5,35,4,5,1,5,6,0,0,0,0,0,0,0,289,15,4920
2534,72,Graduation,Married,37716.0,0,1,2014-04-21,4,97,1,41,6,2,41,2,4,1,3,7,0,0,0,0,0,0,0,188,10,4316
10827,58,Phd,Married,36947.0,1,1,2012-08-07,49,88,3,21,4,1,29,4,3,0,4,9,0,0,0,0,0,0,0,146,11,4938
5491,74,Master,Together,47352.0,0,1,2013-04-11,70,172,12,112,8,0,15,4,6,1,5,7,0,0,0,0,0,0,0,319,16,4691
361,56,Master,Married,43142.0,1,1,2014-02-18,84,5,1,7,2,1,4,1,1,0,2,7,0,0,0,0,0,0,0,20,4,4378
524,59,Basic,Together,22634.0,0,0,2013-01-16,47,2,23,11,8,6,46,1,2,1,2,8,0,0,0,0,0,0,0,96,6,4776
5654,53,Graduation,Married,36026.0,2,1,2014-03-16,34,20,4,10,6,4,17,2,2,0,3,6,0,0,0,0,0,0,0,61,7,4352
4098,52,Graduation,Married,24639.0,1,1,2014-01-28,3,20,3,16,0,4,1,3,2,0,4,6,0,0,0,0,0,0,0,44,9,4399
5824,53,Phd,Together,34578.0,2,1,2014-04-11,1,7,0,1,0,0,0,1,1,0,2,6,0,0,0,0,0,0,0,8,4,4326
5229,56,Phd,Together,54132.0,0,1,2014-02-16,81,30,1,8,0,0,3,1,1,0,3,7,0,0,0,0,0,0,0,42,5,4380
4086,66,Graduation,Married,18690.0,0,0,2012-12-28,77,6,1,7,23,4,19,1,1,1,2,8,0,0,0,0,0,0,0,60,5,4795
2428,55,Graduation,Married,28164.0,1,0,2013-05-04,23,3,18,26,11,8,12,3,2,0,4,7,0,0,0,0,0,0,0,78,9,4668
8254,51,Phd,Married,34596.0,1,0,2013-04-13,48,14,0,2,0,0,7,1,1,0,2,8,0,0,0,0,0,0,0,23,4,4689
2836,53,Phd,Married,43269.0,1,0,2013-09-16,61,10,1,7,0,0,1,1,1,0,2,8,0,0,0,0,0,0,0,19,4,4533
8418,67,2nd Cycle,Single,38741.0,1,1,2014-03-30,60,7,10,17,8,6,13,2,2,0,3,7,0,0,0,0,0,0,0,61,7,4338
7152,42,Master,Married,27100.0,1,0,2013-04-05,64,12,0,13,2,0,10,1,1,0,3,7,0,0,0,0,0,0,0,37,5,4697
10033,52,2nd Cycle,Divorced,31163.0,1,0,2014-02-13,54,2,3,10,11,2,10,1,1,0,3,6,0,0,0,0,0,0,0,38,5,4383
274,52,Graduation,Single,34853.0,1,1,2013-12-23,75,9,3,15,2,3,2,2,2,0,3,6,0,0,0,0,0,0,0,34,7,4435
8588,64,Graduation,Married,60544.0,1,1,2012-08-25,92,201,2,43,3,5,35,4,5,1,5,6,0,0,0,0,0,0,0,289,15,4920
2518,39,2nd Cycle,Together,20491.0,0,0,2013-01-25,16,5,4,5,4,2,10,1,0,1,2,7,0,0,0,0,0,0,0,30,4,4767
3220,42,Graduation,Married,39922.0,1,0,2013-02-14,30,29,12,59,19,1,36,2,3,0,4,8,0,0,0,0,0,0,0,156,9,4747
5967,73,Graduation,Together,33402.0,1,1,2013-07-18,60,26,2,19,10,5,8,3,2,1,3,8,0,0,0,0,0,0,0,70,9,4593
1183,76,Master,Married,36408.0,1,1,2013-09-21,11,9,1,4,3,2,3,1,1,0,2,6,0,0,0,0,0,0,0,22,4,4528
5788,53,Graduation,Together,46053.0,1,0,2013-02-17,46,56,10,92,19,7,25,3,3,2,4,5,0,0,0,0,0,0,0,209,12,4744
5975,58,Phd,Single,40304.0,1,0,2013-09-30,82,37,0,17,0,0,3,1,2,0,3,7,0,0,0,0,0,0,0,57,6,4519
2157,53,Graduation,Together,26290.0,1,1,2013-01-12,49,15,8,16,11,5,22,4,2,0,4,6,0,0,0,0,0,0,0,77,10,4780
10403,47,Graduation,Together,16531.0,1,0,2014-06-18,43,2,13,6,7,5,11,3,3,0,3,7,0,0,0,0,0,0,0,44,9,4258
5074,39,Master,Married,28072.0,1,0,2013-07-08,10,30,0,10,2,0,5,1,1,0,3,7,0,0,0,0,0,0,0,47,5,4603
7196,75,Phd,Married,41145.0,1,1,2014-02-08,20,9,0,3,0,0,1,1,0,0,3,3,0,0,0,0,0,0,0,13,4,4388
9672,55,2nd Cycle,Married,23162.0,1,1,2013-12-21,82,8,3,9,19,4,22,3,1,1,3,6,0,0,0,0,0,0,0,65,8,4437
4864,48,Graduation,Married,34380.0,1,0,2013-05-02,68,72,7,58,13,1,24,4,4,1,3,8,0,0,0,0,0,0,0,175,12,4670
4706,59,Graduation,Single,34704.0,0,1,2013-04-27,65,29,0,5,0,1,5,1,1,0,3,5,0,0,0,0,0,0,0,40,5,4675
3697,71,Graduation,Together,39898.0,0,1,2013-02-12,20,69,8,26,12,7,12,2,3,0,4,7,0,0,0,0,0,0,0,134,9,4749
4220,55,Phd,Married,59892.0,0,1,2013-11-02,26,73,0,13,0,1,0,1,2,1,3,3,0,0,0,0,0,0,0,87,7,4486
5286,38,Master,Single,41020.0,0,0,2013-10-28,68,112,1,54,7,7,36,1,3,2,4,3,0,0,0,0,0,0,0,217,10,4491
3102,44,2nd Cycle,Together,19414.0,1,0,2013-10-16,32,2,3,12,3,5,7,1,1,0,3,8,0,0,0,0,0,0,0,32,5,4503
5868,45,Graduation,Married,19107.0,1,0,2013-08-22,49,2,4,9,10,5,16,2,1,0,3,7,0,0,0,0,0,0,0,46,6,4558
5763,53,Master,Together,49854.0,1,0,2013-11-10,63,123,17,171,39,0,30,5,6,2,5,6,0,0,0,0,0,0,0,380,18,4478
7494,75,Phd,Divorced,42873.0,1,1,2013-01-21,11,209,0,40,3,2,15,4,6,1,4,8,0,0,0,0,0,0,0,269,15,4771
2005,35,Graduation,Married,35765.0,1,0,2013-12-11,86,22,3,30,0,5,15,2,2,0,4,6,0,0,0,0,0,0,0,75,8,4447
6885,48,Graduation,Divorced,32952.0,1,0,2013-12-01,36,38,0,12,3,1,1,1,2,0,3,7,0,0,0,0,0,0,0,55,6,4457
5751,52,2nd Cycle,Divorced,31163.0,1,0,2014-02-13,54,2,3,10,11,2,10,1,1,0,3,6,0,0,0,0,0,0,0,38,5,4383
9,50,Master,Single,46098.0,1,1,2012-08-18,86,57,0,27,0,0,36,4,3,2,2,8,0,0,0,0,0,0,0,120,11,4927
2853,45,Graduation,Single,51766.0,1,0,2014-03-11,74,60,51,87,6,20,51,2,4,2,4,5,0,0,0,0,0,0,0,275,12,4357
6310,47,Graduation,Married,33039.0,1,0,2013-09-09,4,30,8,12,8,8,12,1,2,0,4,5,0,0,0,0,0,0,0,78,7,4540
10380,53,Master,Married,37787.0,1,0,2013-09-20,50,40,1,40,4,3,18,1,3,0,3,8,0,0,0,0,0,0,0,106,7,4529
1998,49,Graduation,Single,37697.0,1,0,2014-02-07,82,34,6,21,11,4,8,1,2,1,3,6,0,0,0,0,0,0,0,84,7,4389
10795,52,Phd,Married,37401.0,1,0,2014-05-06,14,19,3,19,3,1,3,2,2,0,3,7,0,0,0,0,0,0,0,48,7,4301
7998,67,Graduation,Together,28087.0,1,1,2012-12-11,77,53,8,17,13,0,21,3,2,2,2,7,0,0,0,0,0,0,0,112,9,4812
3536,65,Graduation,Together,19740.0,0,1,2013-03-24,65,7,11,3,10,4,20,2,1,1,3,5,0,0,0,0,0,0,0,55,7,4709
3745,37,2nd Cycle,Married,23331.0,1,0,2012-09-04,92,5,36,7,0,10,45,2,3,0,3,8,0,0,0,0,0,0,0,103,8,4910
9771,37,2nd Cycle,Single,23331.0,1,0,2012-10-05,97,104,20,101,24,15,5,6,5,1,5,9,0,0,0,0,0,0,0,269,17,4879
451,36,Graduation,Single,9255.0,1,0,2013-12-20,91,9,0,7,2,0,4,1,1,1,2,8,0,0,0,0,0,0,0,22,5,4438
6678,36,Graduation,Together,31928.0,1,0,2014-03-28,5,33,4,24,4,2,5,2,3,0,4,7,0,0,0,0,0,0,0,72,9,4340
73,72,Phd,Single,51411.0,1,2,2013-05-26,81,14,0,3,0,0,1,1,0,0,3,5,0,0,0,0,0,0,0,18,4,4646
10212,39,Master,Together,42386.0,1,0,2013-01-13,43,65,4,16,0,4,11,1,3,0,3,8,0,0,0,0,0,0,0,100,7,4779
6365,38,2nd Cycle,Married,30390.0,0,0,2013-09-02,5,10,12,12,25,1,20,1,2,0,3,6,0,0,0,0,0,0,0,80,6,4547
2217,50,2nd Cycle,Married,37284.0,1,1,2013-03-29,46,11,1,2,2,1,6,1,0,0,3,6,0,0,0,0,0,0,0,23,4,4704
2544,74,Master,Divorced,57530.0,0,1,2013-10-12,68,50,1,27,6,7,1,1,1,1,4,1,0,0,0,0,0,0,0,92,7,4507
7791,58,Master,Married,37054.0,1,1,2013-09-15,89,12,1,6,0,1,5,2,1,0,3,7,0,0,0,0,0,0,0,25,6,4534
4037,49,Graduation,Divorced,31859.0,1,0,2013-06-14,77,3,1,3,8,0,5,1,1,0,2,7,0,0,0,0,0,0,0,20,4,4627
6642,64,Graduation,Divorced,27215.0,2,1,2013-01-23,50,30,5,22,8,9,28,4,2,1,4,6,0,0,0,0,0,0,0,102,11,4769
5424,42,Graduation,Married,39922.0,1,0,2013-02-14,30,29,12,59,19,1,36,2,3,0,4,8,0,0,0,0,0,0,0,156,9,4747
9530,37,Graduation,Married,24645.0,1,0,2012-11-01,16,5,3,4,4,1,0,1,1,0,2,8,0,0,0,0,0,0,0,17,4,4852
10699,40,Graduation,Married,44322.0,1,0,2014-06-16,30,46,0,40,3,0,3,2,3,0,3,8,0,0,0,0,0,0,0,92,8,4260
8135,39,Master,Married,27161.0,1,0,2013-10-28,41,7,4,23,7,0,11,1,1,0,3,7,0,0,0,0,0,0,0,52,5,4491
4967,65,Phd,Together,38201.0,0,1,2013-03-29,19,233,0,23,0,0,12,4,5,1,5,8,0,0,0,0,0,0,0,268,15,4704
8175,33,Graduation,Married,34935.0,0,0,2013-06-21,71,34,4,66,3,10,20,1,2,1,4,7,0,0,0,0,0,0,0,137,8,4620
3790,69,Graduation,Together,34633.0,2,1,2014-01-23,31,8,1,5,0,0,1,1,1,0,2,6,0,0,0,0,0,0,0,15,4,4404
5223,59,Master,Together,45903.0,0,1,2014-04-23,80,33,8,10,2,10,3,2,2,1,3,4,0,0,0,0,0,0,0,66,8,4314
4971,63,Phd,Together,31497.0,0,1,2012-12-06,22,108,1,28,13,1,4,2,3,1,4,8,0,0,0,0,0,0,0,155,10,4817
2262,60,Master,Together,45143.0,0,1,2013-08-26,74,202,5,74,11,5,14,3,6,1,5,7,0,0,0,0,0,0,0,311,15,4554
1131,58,Phd,Single,52569.0,0,1,2014-04-05,54,85,0,3,0,0,7,1,2,0,4,3,0,0,0,0,0,0,0,95,7,4332
24,65,Master,Together,17144.0,1,1,2014-02-15,96,18,2,19,0,2,6,5,3,0,4,7,0,0,0,0,0,0,0,47,12,4381
7943,50,Phd,Married,36663.0,1,0,2014-04-25,40,18,0,6,3,3,5,1,1,1,3,2,0,0,0,0,0,0,0,35,6,4312
800,65,Graduation,Together,44512.0,1,1,2013-08-30,57,23,1,6,0,0,2,2,1,0,3,4,0,0,0,0,0,0,0,32,6,4550
11092,64,Graduation,Married,27116.0,1,1,2014-03-02,78,12,1,21,2,2,3,2,2,0,3,7,0,0,0,0,0,0,0,41,7,4366
5062,62,Phd,Married,54072.0,1,1,2013-07-27,71,35,0,4,0,0,0,1,2,0,2,8,0,0,0,0,0,0,0,39,5,4584
4480,52,Master,Married,60432.0,0,1,2014-03-09,61,365,3,15,4,3,11,5,7,2,5,6,0,0,0,0,0,0,0,401,19,4359
1773,47,2nd Cycle,Married,12393.0,0,0,2012-12-04,38,5,6,15,11,7,13,1,2,0,3,9,0,0,0,0,0,0,0,57,6,4819
1764,50,Graduation,Single,33955.0,1,0,2013-08-09,92,100,2,128,23,7,10,4,5,1,5,8,0,0,0,0,0,0,0,270,15,4571
5423,42,Graduation,Together,28359.0,1,0,2013-10-27,35,6,0,5,2,1,2,1,1,0,2,7,0,0,0,0,0,0,0,16,4,4492
3011,60,Graduation,Married,69139.0,0,1,2014-01-27,23,86,12,75,33,15,6,1,4,1,5,4,0,0,0,0,0,0,0,227,11,4400
9668,54,Graduation,Married,18793.0,1,0,2013-01-12,14,4,16,20,0,17,20,3,2,0,4,8,0,0,0,0,0,0,0,77,9,4780
7408,73,Phd,Married,54549.0,0,1,2014-03-03,8,216,2,6,0,0,9,2,5,1,4,7,0,0,0,0,0,0,0,233,12,4365
3276,49,2nd Cycle,Together,36301.0,1,0,2013-10-25,53,11,12,35,3,5,12,1,3,0,3,7,0,0,0,0,0,0,0,78,7,4494
3570,56,Phd,Together,42731.0,1,0,2013-10-21,64,159,2,51,6,2,24,3,4,1,5,5,0,0,0,0,0,0,0,244,13,4498
3783,66,Phd,Married,52854.0,1,1,2014-03-24,43,105,0,10,0,1,0,2,2,1,4,5,0,0,0,0,0,0,0,116,9,4344
10207,47,Graduation,Together,22775.0,1,0,2013-06-19,40,5,1,8,0,0,1,1,1,0,2,8,0,0,0,0,0,0,0,15,4,4622
10785,56,Graduation,Married,44078.0,1,1,2014-06-19,17,24,1,10,2,0,4,2,2,0,3,5,0,0,0,0,0,0,0,41,7,4257
2814,49,Master,Together,30560.0,1,0,2013-06-27,6,9,1,5,4,5,7,1,1,0,3,7,0,0,0,0,0,0,0,31,5,4614
6866,56,Master,Together,35924.0,1,1,2014-03-23,56,8,0,14,2,3,7,1,1,0,3,5,0,0,0,0,0,0,0,34,5,4345
3829,46,Basic,Together,24594.0,1,0,2013-12-10,94,1,3,6,10,0,9,1,1,0,3,5,0,0,0,0,0,0,0,29,5,4448
10141,65,Master,Divorced,39228.0,0,0,2013-05-10,1,7,1,6,0,3,3,1,0,0,3,4,0,0,0,0,0,0,0,20,4,4662
7485,75,Phd,Widow,56551.0,1,1,2014-05-07,48,67,4,32,17,2,16,3,2,1,4,4,0,0,0,0,0,0,0,138,10,4300
8079,43,Graduation,Married,22448.0,1,0,2014-02-26,86,3,1,8,23,2,18,3,2,1,3,3,0,0,0,0,0,0,0,55,9,4370
13,78,Phd,Widow,25358.0,0,1,2013-07-22,57,19,0,5,0,0,8,2,1,0,3,6,0,0,0,0,0,0,0,32,6,4589
1834,47,Master,Single,35544.0,1,0,2014-03-08,77,30,5,23,4,1,4,1,2,0,3,7,0,0,0,0,0,0,0,67,6,4360
2285,71,Master,Together,36634.0,0,1,2013-05-28,0,213,9,76,4,3,30,3,5,2,5,7,0,0,0,0,0,0,0,335,15,4644
1404,57,Graduation,Together,34916.0,2,0,2013-05-15,89,51,23,82,33,0,42,4,5,1,3,9,0,0,0,0,0,0,0,231,13,4657
2639,59,Graduation,Single,43602.0,1,1,2014-01-10,45,19,5,12,10,3,19,3,3,1,2,6,0,0,0,0,0,0,0,68,9,4417
8299,36,Phd,Single,33996.0,0,0,2013-09-11,46,40,2,15,8,0,6,1,1,1,3,4,0,0,0,0,0,0,0,71,6,4538
6437,40,2nd Cycle,Single,41473.0,1,0,2013-06-19,80,21,8,20,15,3,9,1,2,0,3,7,0,0,0,0,0,0,0,76,6,4622
7327,66,Phd,Married,36732.0,1,1,2013-12-29,71,21,5,3,10,1,7,3,1,1,4,2,0,0,0,0,0,0,0,47,9,4429
4712,34,2nd Cycle,Together,20193.0,0,0,2012-11-28,18,8,8,22,24,11,9,1,1,1,4,4,0,0,0,0,0,0,0,82,7,4825
1170,50,Graduation,Married,27573.0,1,0,2013-03-25,45,50,15,110,39,15,15,4,5,1,4,8,0,0,0,0,0,0,0,244,14,4708
6347,46,Basic,Single,15862.0,1,0,2013-06-27,26,1,1,4,11,9,10,1,1,0,3,8,0,0,0,0,0,0,0,36,5,4614
8230,45,Graduation,Married,33228.0,1,0,2014-01-23,28,22,2,31,7,4,5,1,2,0,3,7,0,0,0,0,0,0,0,71,6,4404
5939,54,Graduation,Together,38232.0,1,1,2014-01-17,84,43,5,28,7,6,33,4,3,1,3,5,0,0,0,0,0,0,0,122,11,4410
2156,70,Phd,Married,22554.0,1,1,2012-11-03,38,27,0,10,0,0,4,4,2,0,4,5,0,0,0,0,0,0,0,41,10,4850
7788,42,Phd,Married,23536.0,1,0,2014-06-04,53,6,0,3,0,0,1,1,0,0,3,3,0,0,0,0,0,0,0,10,4,4272
10323,73,Graduation,Married,49413.0,0,1,2013-10-25,88,205,7,41,3,2,46,2,4,2,5,5,0,0,0,0,0,0,0,304,13,4494
7947,56,Graduation,Married,42231.0,1,1,2014-03-25,99,24,0,8,0,1,4,1,1,0,3,5,0,0,0,0,0,0,0,37,5,4343
10790,40,Phd,Married,18169.0,1,0,2013-02-19,40,9,0,5,0,0,7,1,1,0,2,8,0,0,0,0,0,0,0,21,4,4742
10398,44,2nd Cycle,Single,24336.0,1,0,2012-08-27,82,1,6,2,8,2,12,1,1,0,2,7,0,0,0,0,0,0,0,31,4,4918
2431,35,Graduation,Married,18222.0,0,0,2012-12-31,70,12,4,19,12,6,14,1,2,0,3,8,0,0,0,0,0,0,0,67,6,4792
1890,54,2nd Cycle,Together,42033.0,1,1,2012-09-19,95,11,1,4,2,0,7,1,1,0,2,7,0,0,0,0,0,0,0,25,4,4895
10356,68,Phd,Divorced,41437.0,1,1,2012-09-22,5,29,0,2,0,0,1,1,1,0,3,7,0,0,0,0,0,0,0,32,5,4892
3565,70,Master,Married,38452.0,1,1,2014-03-30,62,56,0,14,0,0,2,3,3,0,3,7,0,0,0,0,0,0,0,72,9,4338
5294,36,Graduation,Single,18358.0,1,0,2013-11-20,49,6,8,19,16,4,4,3,3,0,4,7,0,0,0,0,0,0,0,57,10,4468
8799,41,Phd,Married,38175.0,1,0,2013-09-23,6,70,6,69,2,3,3,3,3,1,4,7,0,0,0,0,0,0,0,153,11,4526
1045,60,Graduation,Together,52117.0,0,1,2012-08-16,55,112,10,107,30,0,20,2,5,2,4,7,0,0,0,0,0,0,0,279,13,4929
2202,47,Graduation,Together,41154.0,0,1,2013-04-09,98,44,2,11,2,3,7,1,1,0,4,5,0,0,0,0,0,0,0,69,6,4693
4055,33,Basic,Single,18746.0,1,0,2014-05-29,41,2,10,11,12,9,20,2,3,0,3,6,0,0,0,0,0,0,0,64,8,4278
7629,48,Graduation,Married,22108.0,1,1,2014-05-08,46,5,3,9,6,2,6,2,2,0,3,7,0,0,0,0,0,0,0,31,7,4299
10640,51,Graduation,Together,44392.0,1,1,2013-09-05,71,87,5,71,7,12,29,5,4,1,4,7,0,0,0,0,0,0,0,211,14,4544
1744,60,Basic,Single,23529.0,0,1,2013-01-07,67,9,7,13,3,2,20,1,1,1,2,6,0,0,0,0,0,0,0,54,5,4785
8605,61,Phd,Together,46910.0,1,1,2014-03-23,36,48,0,14,0,0,6,2,2,0,3,6,0,0,0,0,0,0,0,68,7,4345
10304,66,Graduation,Married,18690.0,0,0,2012-12-28,77,6,1,7,23,4,19,1,1,1,2,8,0,0,0,0,0,0,0,60,5,4795
1064,54,Phd,Married,42403.0,1,0,2013-12-11,18,22,1,11,0,5,3,1,1,0,3,8,0,0,0,0,0,0,0,42,5,4447
10250,78,Basic,Together,28389.0,0,0,2012-11-20,49,1,5,3,7,4,8,1,1,0,2,7,0,0,0,0,0,0,0,28,4,4833
3878,45,2nd Cycle,Single,31859.0,1,0,2014-02-27,3,3,4,7,15,8,11,1,1,0,3,7,0,0,0,0,0,0,0,48,5,4369
2154,54,Graduation,Widow,30372.0,1,1,2012-12-25,33,15,0,12,7,3,7,3,2,0,3,7,0,0,0,0,0,0,0,44,8,4798
5394,46,Basic,Single,16014.0,1,1,2013-03-17,42,3,9,4,7,8,7,4,1,1,4,3,0,0,0,0,0,0,0,38,10,4716
3798,57,Graduation,Married,41120.0,1,1,2013-11-06,80,24,2,23,0,8,24,3,2,1,3,6,0,0,0,0,0,0,0,81,9,4482
5247,70,Phd,Married,38725.0,1,1,2014-05-10,52,31,0,6,2,1,5,2,1,0,4,4,0,0,0,0,0,0,0,45,7,4297
8812,46,2nd Cycle,Divorced,13533.0,1,0,2013-03-10,45,12,3,8,8,0,17,2,2,0,3,7,0,0,0,0,0,0,0,48,7,4723
4328,39,2nd Cycle,Married,21955.0,1,0,2013-09-07,81,5,1,7,17,14,11,2,2,1,3,6,0,0,0,0,0,0,0,55,8,4542
10560,45,Phd,Single,36802.0,1,0,2014-06-16,23,16,1,2,0,0,1,1,1,0,3,5,0,0,0,0,0,0,0,20,5,4260
8312,64,Basic,Married,28249.0,0,0,2014-06-15,80,1,9,7,2,14,10,1,2,0,3,6,0,0,0,0,0,0,0,43,6,4261
7592,79,Phd,Married,51012.0,0,0,2013-04-18,86,102,9,63,2,9,24,1,4,1,4,6,0,0,0,0,0,0,0,209,10,4684
2694,58,Graduation,Married,42664.0,0,1,2014-03-18,44,21,0,3,0,0,0,1,1,0,3,6,0,0,0,0,0,0,0,24,5,4350
7433,40,Graduation,Single,29760.0,1,0,2012-08-29,87,64,4,68,7,5,17,4,3,1,4,8,0,0,0,0,0,0,0,165,12,4916
164,48,Phd,Married,28973.0,0,0,2012-10-13,59,206,0,46,3,2,12,2,5,1,5,8,0,0,0,0,0,0,0,269,13,4871
10477,52,Phd,Together,39435.0,1,0,2013-08-06,16,71,0,18,0,0,13,1,3,1,2,7,0,0,0,0,0,0,0,102,7,4574
5150,46,Basic,Single,20194.0,1,0,2012-12-17,64,0,4,7,11,10,15,2,2,0,3,6,0,0,0,0,0,0,0,47,7,4806
5283,49,Phd,Single,42473.0,1,1,2014-02-17,72,93,1,21,0,4,25,3,2,1,4,5,0,0,0,0,0,0,0,144,10,4379
9648,58,Graduation,Single,46904.0,1,1,2012-11-03,20,153,4,56,0,9,31,4,5,1,4,8,0,0,0,0,0,0,0,253,14,4850
8008,42,Graduation,Together,36075.0,1,0,2013-12-09,54,46,0,30,12,1,30,1,2,0,4,6,0,0,0,0,0,0,0,119,7,4449
1419,75,Graduation,Together,34026.0,1,1,2013-08-05,11,18,6,15,12,8,17,3,2,1,3,5,0,0,0,0,0,0,0,76,9,4575
9150,62,Phd,Single,48918.0,1,1,2014-04-12,21,52,0,9,0,0,1,2,1,0,4,4,0,0,0,0,0,0,0,62,7,4325
1250,49,Graduation,Single,37697.0,1,0,2014-02-07,82,34,6,21,11,4,8,1,2,1,3,6,0,0,0,0,0,0,0,84,7,4389
10691,65,Master,Married,28520.0,1,1,2013-06-14,55,11,0,10,0,2,20,1,1,1,2,6,0,0,0,0,0,0,0,43,5,4627
2952,48,Master,Single,36273.0,1,0,2014-04-16,80,29,3,30,3,2,9,2,3,0,3,6,0,0,0,0,0,0,0,76,8,4321
6289,74,Master,Together,59385.0,1,1,2013-04-28,85,135,0,10,0,4,36,2,3,1,4,5,0,0,0,0,0,0,0,185,10,4674
3130,61,Graduation,Single,18701.0,1,1,2013-06-04,95,12,4,2,10,6,10,4,2,0,4,5,0,0,0,0,0,0,0,44,10,4637
5513,59,Graduation,Together,37758.0,1,1,2012-10-04,49,27,2,10,0,0,1,2,1,0,3,8,0,0,0,0,0,0,0,40,6,4880
2549,42,Phd,Together,21840.0,1,0,2013-07-21,80,17,0,9,0,0,1,1,1,0,3,9,0,0,0,0,0,0,0,27,5,4590
8566,64,Phd,Together,32583.0,1,1,2014-06-15,10,5,0,3,0,0,1,1,1,0,2,7,0,0,0,0,0,0,0,9,4,4261
5684,54,Master,Divorced,44635.0,1,1,2013-10-11,25,56,0,9,0,0,3,2,2,0,3,7,0,0,0,0,0,0,0,68,7,4508
8334,54,Master,Single,33316.0,1,1,2013-10-04,34,79,1,31,4,4,12,3,2,1,4,6,0,0,0,0,0,0,0,131,10,4515
78,56,Graduation,Married,25293.0,1,0,2013-09-15,51,15,0,11,0,2,9,1,1,1,2,8,0,0,0,0,0,0,0,37,5,4534
6859,38,Graduation,Single,29236.0,1,0,2013-10-08,30,37,4,24,16,9,9,2,4,0,3,9,0,0,0,0,0,0,0,99,9,4511
9860,66,Graduation,Together,44911.0,0,1,2013-03-15,11,159,0,22,2,1,31,3,4,1,4,7,0,0,0,0,0,0,0,215,12,4718
5866,51,Graduation,Together,48186.0,1,0,2014-03-20,39,97,3,66,12,7,34,3,4,1,4,7,0,0,0,0,0,0,0,219,12,4348
7393,47,Graduation,Together,41580.0,1,1,2012-12-10,15,56,5,24,4,0,3,3,2,1,3,5,0,0,0,0,0,0,0,92,9,4813
9576,43,Phd,Together,32313.0,1,0,2013-02-11,60,86,4,56,2,4,7,3,4,0,4,9,0,0,0,0,0,0,0,159,11,4750
7419,57,Master,Divorced,27071.0,1,0,2014-04-23,90,8,3,19,0,2,3,2,2,0,3,6,0,0,0,0,0,0,0,35,7,4314
10595,35,Graduation,Married,30093.0,0,0,2013-07-08,19,2,6,28,13,4,16,1,2,0,3,7,0,0,0,0,0,0,0,69,6,4603
5010,37,Graduation,Single,25008.0,1,0,2014-02-02,72,2,8,8,6,1,9,2,1,0,3,8,0,0,0,0,0,0,0,34,6,4394
11148,50,Graduation,Together,22280.0,1,0,2013-05-19,85,2,1,4,3,1,2,1,1,0,2,8,0,0,0,0,0,0,0,13,4,4653
6710,74,Master,Single,58217.0,2,1,2012-11-17,84,68,1,13,3,5,13,1,2,0,4,6,0,0,0,0,0,0,0,103,7,4836
5316,49,Master,Together,21024.0,0,0,2013-07-04,89,36,4,18,6,2,18,1,2,0,4,7,0,0,0,0,0,0,0,84,7,4607
10241,50,2nd Cycle,Divorced,11448.0,0,0,2013-12-15,16,0,0,0,6,2,6,1,1,0,2,6,0,0,0,0,0,0,0,14,4,4443
4227,57,Master,Together,32889.0,1,1,2013-09-06,78,28,0,13,4,2,8,3,2,1,3,5,0,0,0,0,0,0,0,55,9,4543
9467,41,Graduation,Single,34738.0,1,0,2014-05-11,51,3,2,10,3,0,2,1,1,0,3,6,0,0,0,0,0,0,0,20,5,4296
3286,58,Phd,Divorced,26642.0,1,0,2014-03-01,71,13,2,15,2,2,8,2,2,0,3,6,0,0,0,0,0,0,0,42,7,4367
3722,53,Graduation,Single,44503.0,1,1,2014-04-16,83,31,1,8,0,0,8,2,2,0,3,6,0,0,0,0,0,0,0,48,7,4321
4796,73,Graduation,Divorced,49638.0,0,1,2014-04-19,71,18,10,3,3,5,0,1,1,0,3,2,0,0,0,0,0,0,0,39,5,4318
9612,38,2nd Cycle,Single,23830.0,0,0,2014-02-07,3,1,8,6,4,8,16,1,1,0,3,7,0,0,0,0,0,0,0,43,5,4389
5180,57,Phd,Divorced,50616.0,0,1,2014-04-18,56,128,0,16,0,1,4,2,4,0,4,7,0,0,0,0,0,0,0,149,10,4319
7679,40,Phd,Single,30298.0,0,0,2014-05-19,48,6,3,12,6,1,0,1,1,1,3,3,0,0,0,0,0,0,0,28,6,4288
7505,68,Phd,Married,44155.0,1,1,2014-01-19,24,22,1,9,0,0,14,1,1,1,2,4,0,0,0,0,0,0,0,46,5,4408
5790,40,Graduation,Married,31158.0,1,0,2013-01-27,62,25,6,16,20,0,5,2,2,0,3,8,0,0,0,0,0,0,0,72,7,4765
10789,61,Phd,Married,45759.0,1,1,2013-02-23,13,42,1,18,3,0,4,2,2,0,3,7,0,0,0,0,0,0,0,68,7,4738
10779,42,Graduation,Single,22148.0,0,0,2014-04-13,16,15,5,14,0,4,11,1,1,0,3,7,0,0,0,0,0,0,0,49,5,4324
2337,54,Graduation,Divorced,29819.0,1,0,2013-10-24,77,9,1,24,2,1,2,3,3,0,3,6,0,0,0,0,0,0,0,39,9,4495
10680,39,Graduation,Together,33235.0,1,0,2014-02-05,71,45,0,16,2,1,6,1,3,0,3,7,0,0,0,0,0,0,0,70,7,4391
3265,66,Graduation,Married,35701.0,0,0,2013-03-19,36,21,1,9,7,3,5,1,1,0,3,6,0,0,0,0,0,0,0,46,5,4714
2326,35,Graduation,Married,18929.0,0,0,2013-02-16,15,32,0,8,23,4,18,1,1,0,4,6,0,0,0,0,0,0,0,85,6,4745
4385,44,Phd,Single,36038.0,1,0,2013-05-31,82,23,0,15,0,2,7,2,3,0,3,6,0,0,0,0,0,0,0,47,8,4641
2929,49,Graduation,Single,20180.0,0,0,2013-02-20,27,18,42,24,15,20,18,1,2,1,4,7,0,0,0,0,0,0,0,137,8,4741
10686,60,Phd,Together,34230.0,1,1,2012-12-26,72,15,0,4,0,0,2,1,1,0,2,7,0,0,0,0,0,0,0,21,4,4797
2546,48,2nd Cycle,Single,31878.0,0,1,2014-06-22,7,23,4,5,10,5,23,1,1,0,4,3,0,0,0,0,0,0,0,70,6,4254
3112,48,Master,Married,22701.0,1,0,2013-09-05,2,2,4,9,0,4,5,1,1,0,3,5,0,0,0,0,0,0,0,24,5,4544
5734,51,Phd,Married,61917.0,1,1,2013-11-20,83,46,4,36,2,2,1,1,2,0,4,5,0,0,0,0,0,0,0,91,7,4468
1458,43,Master,Married,21059.0,1,0,2014-01-07,40,8,3,19,3,3,8,3,3,0,3,6,0,0,0,0,0,0,0,44,9,4420
7007,57,Master,Married,29543.0,2,0,2014-04-01,47,17,3,18,3,4,18,2,3,1,2,7,0,0,0,0,0,0,0,63,8,4336
1403,50,2nd Cycle,Together,34984.0,1,1,2012-09-06,40,8,4,15,3,5,3,2,1,0,3,7,0,0,0,0,0,0,0,38,6,4908
9291,66,Master,Married,34242.0,0,1,2014-03-23,25,8,2,4,0,0,1,1,0,0,3,5,0,0,0,0,0,0,0,15,4,4345
2478,52,Graduation,Married,25410.0,1,0,2013-08-31,48,2,2,4,13,13,4,1,1,0,4,4,0,0,0,0,0,0,0,38,6,4549
5138,75,Graduation,Together,28320.0,0,1,2013-01-14,68,19,1,14,3,2,4,1,1,0,3,8,0,0,0,0,0,0,0,43,5,4778
5393,48,Graduation,Single,23763.0,1,0,2012-08-07,64,22,0,6,6,2,6,1,1,0,3,7,0,0,0,0,0,0,0,42,5,4938
5015,49,Master,Married,34529.0,1,0,2012-09-14,94,68,6,38,3,6,41,2,2,2,3,7,0,0,0,0,0,0,0,162,9,4900
7842,57,Graduation,Single,36065.0,1,1,2013-03-31,54,18,7,34,10,2,3,3,3,0,3,8,0,0,0,0,0,0,0,74,9,4702
9955,71,Graduation,Together,39898.0,0,1,2013-02-12,20,69,8,26,12,7,12,2,3,0,4,7,0,0,0,0,0,0,0,134,9,4749
6663,85,Phd,Single,51141.0,0,0,2013-07-08,96,144,0,7,0,0,6,1,3,1,4,5,0,0,0,0,0,0,0,157,9,4603
8514,49,Graduation,Together,29478.0,1,0,2014-01-17,59,8,0,7,3,1,1,1,1,0,3,6,0,0,0,0,0,0,0,20,5,4410
7530,75,Phd,Widow,56551.0,1,1,2014-05-07,48,67,4,32,17,2,16,3,2,1,4,4,0,0,0,0,0,0,0,138,10,4300
6355,47,Graduation,Married,44359.0,1,1,2014-06-17,19,20,0,14,7,3,1,3,2,0,4,3,0,0,0,0,0,0,0,45,9,4259
1158,59,Graduation,Divorced,48877.0,0,1,2014-01-05,27,102,1,15,2,0,24,1,3,0,4,7,0,0,0,0,0,0,0,144,8,4422
8360,54,2nd Cycle,Married,54690.0,1,1,2013-11-07,76,111,16,37,7,9,18,3,3,1,5,3,0,0,0,0,0,0,0,198,12,4481
4867,57,Phd,Single,38236.0,1,1,2013-09-20,2,58,0,18,2,0,10,4,3,0,4,7,0,0,0,0,0,0,0,88,11,4529
3032,41,Graduation,Married,24570.0,1,0,2013-02-27,97,28,34,62,11,14,44,3,4,0,4,9,0,0,0,0,0,0,0,193,11,4734
4470,63,Master,Married,58646.0,0,1,2013-06-10,3,62,1,44,6,5,22,1,2,1,4,4,0,0,0,0,0,0,0,140,8,4631
8619,68,Graduation,Together,21994.0,0,1,2012-12-24,4,9,0,6,3,1,3,1,0,0,3,5,0,0,0,0,0,0,0,22,4,4799
10821,47,Graduation,Married,57113.0,1,1,2013-02-06,45,182,4,33,0,2,42,6,4,1,5,7,0,0,0,0,0,0,0,263,16,4755
898,39,Graduation,Married,23477.0,1,0,2013-10-21,39,38,15,54,3,8,29,3,3,0,4,8,0,0,0,0,0,0,0,147,10,4498
8212,54,Master,Married,39791.0,0,1,2013-03-28,89,85,15,27,13,13,21,2,3,1,4,7,0,0,0,0,0,0,0,174,10,4705
4547,65,Graduation,Together,13672.0,1,1,2013-04-17,86,6,2,9,2,1,5,2,1,0,3,8,0,0,0,0,0,0,0,25,6,4685
4860,55,Graduation,Single,24206.0,1,0,2013-03-08,66,7,2,8,3,2,3,1,1,0,3,6,0,0,0,0,0,0,0,25,5,4725
10757,58,Phd,Divorced,28420.0,1,0,2013-12-24,36,4,2,5,2,0,0,1,1,0,2,6,0,0,0,0,0,0,0,13,4,4434
6679,59,Graduation,Single,33279.0,0,0,2014-06-12,29,10,3,3,0,0,0,1,0,0,3,3,0,0,0,0,0,0,0,16,4,4264
9923,53,Master,Single,46423.0,1,1,2013-09-18,6,68,0,16,0,0,8,3,2,0,4,7,0,0,0,0,0,0,0,92,9,4531
7181,48,Graduation,Married,30368.0,0,1,2013-11-07,97,35,0,13,2,0,2,2,2,0,3,8,0,0,0,0,0,0,0,52,7,4481
3657,39,Graduation,Single,39146.0,1,0,2013-02-14,1,94,1,33,13,12,12,3,4,0,4,8,0,0,0,0,0,0,0,165,11,4747
4102,50,2nd Cycle,Married,37284.0,1,1,2013-03-29,46,11,1,2,2,1,6,1,0,0,3,6,0,0,0,0,0,0,0,23,4,4704
10598,58,Graduation,Together,27943.0,1,1,2013-04-15,89,12,1,16,4,1,3,3,2,0,3,8,0,0,0,0,0,0,0,37,8,4687
2375,53,Graduation,Together,30261.0,1,2,2012-09-25,75,8,0,5,0,3,6,1,0,0,3,8,0,0,0,0,0,0,0,22,4,4889
9829,47,Graduation,Together,28587.0,1,0,2014-02-12,42,22,4,17,12,10,13,3,2,0,4,6,0,0,0,0,0,0,0,78,9,4384
6214,43,Master,Married,43815.0,1,0,2013-04-05,53,14,10,29,4,7,15,1,2,0,3,6,0,0,0,0,0,0,0,79,6,4697
9423,46,Master,Married,32765.0,1,0,2014-02-23,49,13,3,17,7,3,3,2,2,0,4,5,0,0,0,0,0,0,0,46,8,4373
4198,60,Graduation,Together,29672.0,1,1,2013-03-12,6,9,1,3,0,4,8,1,0,0,3,6,0,0,0,0,0,0,0,25,4,4721
153,72,Graduation,Divorced,23272.0,0,0,2013-10-17,29,19,3,6,4,2,12,1,1,0,3,4,0,0,0,0,0,0,0,46,5,4502
10001,40,2nd Cycle,Together,7500.0,1,0,2012-08-01,98,5,17,17,13,14,34,4,2,1,3,9,0,0,0,0,0,0,0,100,10,4944
8625,49,Graduation,Married,17649.0,1,0,2013-11-12,70,15,1,23,0,5,1,3,3,0,3,8,0,0,0,0,0,0,0,45,9,4476
6568,41,Graduation,Married,38680.0,1,0,2013-03-28,97,11,0,36,15,5,12,1,2,0,3,7,0,0,0,0,0,0,0,79,6,4705
8416,44,Graduation,Married,29009.0,1,0,2013-11-29,19,6,6,15,10,5,2,2,2,0,3,6,0,0,0,0,0,0,0,44,7,4459
5454,46,Master,Married,45057.0,1,0,2013-12-01,80,37,0,7,3,0,3,1,2,0,3,5,0,0,0,0,0,0,0,50,6,4457
5474,55,Graduation,Single,43020.0,1,0,2013-11-30,79,45,7,99,4,25,43,3,4,1,4,6,0,0,0,0,0,0,0,223,12,4458
4268,66,Graduation,Married,53154.0,0,1,2014-06-09,50,129,0,21,0,1,7,1,3,1,4,4,0,0,0,0,0,0,0,158,9,4267
626,74,Graduation,Married,32871.0,1,1,2013-03-09,28,22,2,12,0,2,5,1,1,0,3,4,0,0,0,0,0,0,0,43,5,4724
10509,70,Master,Single,36927.0,1,1,2014-06-02,46,51,0,16,0,0,4,2,3,0,3,8,0,0,0,0,0,0,0,71,8,4274
6382,72,Graduation,Together,48794.0,1,1,2014-06-26,97,25,0,11,3,0,15,1,1,0,3,4,0,0,0,0,0,0,0,54,5,4250
6673,60,Graduation,Single,23478.0,0,0,2013-03-19,51,28,6,27,12,17,39,1,3,0,3,8,0,0,0,0,0,0,0,129,7,4714
8775,56,Graduation,Together,38361.0,1,0,2013-12-27,74,39,0,56,20,8,14,3,3,1,3,7,0,0,0,0,0,0,0,137,10,4431
1612,44,Phd,Single,51381.5,1,0,2013-05-31,82,23,0,15,0,2,7,2,3,0,3,6,0,0,0,0,0,0,0,47,8,4641
322,47,Graduation,Together,42554.0,1,1,2013-01-12,93,29,1,11,0,0,0,2,2,0,3,4,0,0,0,0,0,0,0,41,7,4780
6103,77,Graduation,Married,42192.0,0,0,2013-09-06,40,40,15,15,17,6,7,1,2,1,3,4,0,0,0,0,0,0,0,100,7,4543
10500,41,Graduation,Married,31761.0,1,0,2014-04-05,96,19,1,20,16,14,28,2,3,0,4,5,0,0,0,0,0,0,0,98,9,4332
1655,46,Graduation,Together,34350.0,1,0,2013-10-19,81,16,3,15,2,1,11,1,1,0,3,7,0,0,0,0,0,0,0,48,5,4500
5517,56,Graduation,Married,25293.0,1,0,2013-09-15,51,15,0,11,0,2,9,1,1,1,2,8,0,0,0,0,0,0,0,37,5,4534
6958,48,Master,Married,27889.0,1,0,2013-07-05,42,14,0,4,0,0,8,1,1,1,2,6,0,0,0,0,0,0,0,26,5,4606
954,65,Basic,Widow,22123.0,0,0,2014-03-27,77,3,3,24,34,7,31,1,2,1,3,5,0,0,0,0,0,0,0,102,7,4341
5079,54,Graduation,Married,51381.5,1,1,2013-03-03,82,71,1,16,0,0,9,4,2,1,3,8,0,0,0,0,0,0,0,97,10,4730
10339,71,Master,Together,51381.5,0,1,2013-06-23,83,161,0,22,0,0,24,2,4,1,4,6,0,0,0,0,0,0,0,207,11,4618
4643,52,Graduation,Married,27803.0,1,0,2012-08-26,40,8,26,46,38,9,49,2,3,0,4,8,0,0,0,0,0,0,0,176,9,4919
6507,45,Graduation,Single,30828.0,1,0,2013-10-04,16,16,11,15,2,0,12,2,1,1,4,3,0,0,0,0,0,0,0,56,8,4515
7901,54,Master,Married,34109.0,0,1,2013-11-06,39,9,1,5,2,1,4,1,0,0,3,4,0,0,0,0,0,0,0,22,4,4482
2686,56,Basic,Together,22390.0,0,0,2013-10-21,49,0,1,4,15,1,5,1,1,0,2,7,0,0,0,0,0,0,0,26,4,4498
11031,75,Phd,Married,48699.0,1,1,2013-05-21,90,26,1,10,2,0,1,1,1,0,3,5,0,0,0,0,0,0,0,40,5,4651
975,69,Graduation,Single,54252.0,1,1,2013-05-28,25,178,4,26,8,4,44,5,4,1,5,6,0,0,0,0,0,0,0,264,15,4644
1055,49,Master,Married,53204.0,1,1,2014-03-20,40,29,0,8,2,0,6,1,1,0,3,4,0,0,0,0,0,0,0,45,5,4348
5802,53,Basic,Married,14188.0,0,0,2013-02-28,40,2,7,11,16,12,27,1,2,0,4,6,0,0,0,0,0,0,0,75,7,4733
1407,39,Basic,Married,20425.0,1,0,2012-10-29,5,4,12,5,3,16,17,2,2,0,3,7,0,0,0,0,0,0,0,57,7,4855
6183,63,Master,Married,58646.0,0,1,2013-06-10,3,62,1,44,6,5,22,1,2,1,4,4,0,0,0,0,0,0,0,140,8,4631
5991,76,Master,Married,48150.0,0,1,2013-06-08,24,173,2,39,3,2,47,3,5,1,4,7,0,0,0,0,0,0,0,266,13,4633
11091,72,Graduation,Together,34587.0,1,1,2014-05-16,68,7,2,9,2,0,2,2,1,0,3,4,0,0,0,0,0,0,0,22,6,4291
3969,51,Master,Together,43018.0,0,1,2013-11-01,46,35,4,17,7,6,64,1,2,2,2,5,0,0,0,0,0,0,0,133,7,4487
87,44,2nd Cycle,Married,27733.0,1,0,2013-08-26,16,0,7,5,26,2,17,2,2,0,3,7,0,0,0,0,0,0,0,57,7,4554
6147,54,Graduation,Divorced,25818.0,1,0,2012-10-18,51,5,2,8,2,2,9,1,0,1,2,7,0,0,0,0,0,0,0,28,4,4866
8832,49,Master,Together,37509.0,1,0,2012-09-12,24,37,5,56,12,8,5,2,3,0,4,7,0,0,0,0,0,0,0,123,9,4902
10067,49,2nd Cycle,Together,25176.0,1,1,2013-08-10,79,4,0,4,0,0,5,1,1,0,2,7,0,0,0,0,0,0,0,13,4,4570
7532,45,Graduation,Married,43586.0,0,1,2012-08-30,26,99,2,11,4,0,16,3,3,0,4,8,0,0,0,0,0,0,0,132,10,4915
10104,51,Graduation,Together,33590.0,2,1,2013-11-03,65,4,0,2,0,0,2,1,1,0,2,7,0,0,0,0,0,0,0,8,4,4485
3006,49,Graduation,Divorced,30992.0,1,0,2013-04-22,83,17,0,14,7,3,2,1,1,0,3,7,0,0,0,0,0,0,0,43,5,4680
10127,60,Graduation,Married,58692.0,0,1,2014-04-06,21,301,11,61,4,7,11,1,8,2,4,7,0,0,0,0,0,0,0,395,15,4331
4973,55,Graduation,Single,20587.0,1,0,2014-05-11,39,2,3,6,4,1,9,1,1,1,2,7,0,0,0,0,0,0,0,25,5,4296
2948,71,Master,Divorced,62637.0,0,1,2014-03-01,76,104,12,48,4,12,5,1,2,2,5,2,0,0,0,0,0,0,0,185,10,4367
10432,51,Graduation,Divorced,19346.0,1,0,2014-01-30,26,2,0,9,3,6,2,1,1,0,3,8,0,0,0,0,0,0,0,22,5,4397
9216,54,Graduation,Married,35788.0,1,1,2014-01-23,34,23,2,11,3,1,4,2,2,0,3,6,0,0,0,0,0,0,0,44,7,4404
7124,57,Graduation,Divorced,36997.0,1,1,2013-02-01,72,43,4,12,8,0,27,5,2,1,4,5,0,0,0,0,0,0,0,94,12,4760
9727,68,Graduation,Married,23539.0,0,0,2014-02-28,13,4,24,11,16,1,25,1,2,0,4,6,0,0,0,0,0,0,0,81,7,4368
1818,54,Phd,Together,29732.0,1,0,2014-03-25,23,25,0,8,0,1,4,1,2,0,2,9,0,0,0,0,0,0,0,38,5,4343
1100,65,Master,Together,41275.0,1,2,2014-03-24,33,24,4,22,0,2,9,4,3,1,3,5,0,0,0,0,0,0,0,61,11,4344
10609,63,Phd,Married,42769.0,0,1,2013-10-12,15,71,0,13,3,1,0,2,1,1,4,4,0,0,0,0,0,0,0,88,8,4507
6950,67,Master,Married,49572.0,1,1,2013-12-15,25,35,1,16,0,1,1,2,2,0,3,7,0,0,0,0,0,0,0,54,7,4443
9481,49,Graduation,Married,17148.0,1,0,2014-01-28,80,9,9,11,13,10,16,4,3,1,3,8,0,0,0,0,0,0,0,68,11,4399
2711,49,Master,Together,30560.0,1,0,2013-06-27,6,9,1,5,4,5,7,1,1,0,3,7,0,0,0,0,0,0,0,31,5,4614
8933,42,2nd Cycle,Married,32146.0,1,0,2014-05-12,16,26,3,23,4,7,3,2,2,0,4,6,0,0,0,0,0,0,0,66,8,4295
8726,61,2nd Cycle,Divorced,41713.0,1,1,2014-04-29,57,77,8,44,10,10,25,5,3,1,4,6,0,0,0,0,0,0,0,174,13,4308
1515,50,Master,Together,34176.0,0,1,2014-01-22,9,11,2,7,4,2,2,1,1,0,3,3,0,0,0,0,0,0,0,28,5,4405
902,45,Graduation,Together,62994.0,1,0,2014-03-04,74,224,12,48,4,12,12,1,6,2,4,6,0,0,0,0,0,0,0,312,13,4364
7600,33,Basic,Single,15253.0,1,0,2013-10-28,13,1,3,3,8,1,13,2,1,0,3,7,0,0,0,0,0,0,0,29,6,4491
9706,51,Phd,Single,31560.0,1,0,2013-06-24,98,62,1,20,4,0,7,2,2,1,3,8,0,0,0,0,0,0,0,94,8,4617
4548,44,Graduation,Single,41967.0,1,1,2013-11-23,66,23,4,10,0,2,15,1,1,0,3,4,0,0,0,0,0,0,0,54,5,4465
1321,51,Graduation,Married,26067.0,1,0,2013-11-04,49,22,2,18,0,2,12,3,3,0,3,8,0,0,0,0,0,0,0,56,9,4484
11187,47,Basic,Single,26487.0,1,0,2013-05-20,23,2,8,10,12,14,23,3,2,1,3,5,0,0,0,0,0,0,0,69,9,4652
8207,68,2nd Cycle,Married,53233.0,0,1,2014-03-18,18,28,0,9,3,0,0,1,1,0,3,4,0,0,0,0,0,0,0,40,5,4350
1646,53,Basic,Married,25224.0,1,0,2014-03-16,36,4,9,12,11,2,8,2,1,1,3,3,0,0,0,0,0,0,0,46,7,4352
2656,54,Graduation,Divorced,40851.0,1,1,2013-02-21,63,23,1,7,0,4,24,1,1,1,2,7,0,0,0,0,0,0,0,59,5,4740
7990,78,Graduation,Married,27469.0,0,0,2012-08-02,2,9,1,2,3,2,0,1,0,0,3,6,0,0,0,0,0,0,0,17,4,4943
2980,73,Master,Single,8820.0,1,1,2013-03-22,52,12,0,13,4,2,4,4,3,0,3,8,0,0,0,0,0,0,0,35,10,4711
1839,51,Graduation,Single,43322.0,0,0,2014-04-21,25,56,7,48,10,2,18,1,3,0,4,7,0,0,0,0,0,0,0,141,8,4316
9014,50,Graduation,Married,37085.0,1,1,2014-06-26,65,39,1,16,2,0,3,4,3,0,3,8,0,0,0,0,0,0,0,61,10,4250
7620,35,Basic,Single,16185.0,1,0,2013-08-05,71,5,11,16,21,8,45,2,2,2,2,8,0,0,0,0,0,0,0,106,8,4575
1876,35,Graduation,Married,18929.0,0,0,2013-02-16,15,32,0,8,23,4,18,1,1,0,4,6,0,0,0,0,0,0,0,85,6,4745
5959,57,Graduation,Single,35893.0,1,1,2012-10-15,80,158,0,23,0,0,18,6,3,1,5,8,0,0,0,0,0,0,0,199,15,4869
3850,62,Basic,Together,14918.0,0,1,2012-12-07,52,3,3,3,15,4,15,1,1,0,3,6,0,0,0,0,0,0,0,43,5,4816
6168,62,Graduation,Divorced,45146.0,1,1,2013-07-15,28,33,0,5,0,0,15,2,1,1,2,4,0,0,0,0,0,0,0,53,6,4596
6983,75,Master,Divorced,38054.0,1,1,2014-05-01,24,23,2,17,2,1,0,2,2,0,3,7,0,0,0,0,0,0,0,45,7,4306
692,71,Graduation,Together,36807.0,1,1,2012-12-20,88,4,2,5,0,0,5,1,1,0,2,6,0,0,0,0,0,0,0,16,4,4803
736,42,Graduation,Together,28427.0,1,0,2013-03-21,67,18,3,19,3,3,6,2,2,0,3,8,0,0,0,0,0,0,0,52,7,4712
4838,47,Graduation,Together,22775.0,1,0,2013-06-19,40,5,1,8,0,0,1,1,1,0,2,8,0,0,0,0,0,0,0,15,4,4622
10659,46,2nd Cycle,Together,7500.0,1,0,2013-05-07,7,2,8,11,3,8,21,4,3,2,2,7,0,0,0,0,0,0,0,53,11,4665
1448,62,Master,Married,33562.0,1,2,2014-06-25,33,21,12,12,0,3,3,3,2,0,4,4,0,0,0,0,0,0,0,51,9,4251
10084,53,Graduation,Married,24434.0,2,0,2014-05-18,9,3,2,8,20,0,17,2,2,1,2,7,0,0,0,0,0,0,0,50,7,4289
8080,39,Graduation,Single,26816.0,0,0,2012-08-17,50,5,1,6,3,4,3,1,0,0,3,4,0,0,0,0,0,0,0,22,4,4928
8372,51,Graduation,Married,34421.0,1,0,2013-07-01,81,3,3,7,6,2,9,1,1,0,2,7,0,0,0,0,0,0,0,30,4,4610
